image_id,class_id,class_name,perturbation,original_pred_class_id,perturbed_pred_class_id,original_correct,perturbed_correct,prediction_unchanged,fixed_query_index,original_margin,perturbed_margin,margin_change,attention_cosine,attention_pearson,attention_top20_iou,changed_bbox_pixel_values,category,checkpoint_name,baseline_pred_class_id,original_prediction_changed_from_baseline
28,1,001.Black_footed_Albatross,background_blur,1,1,True,True,True,0,20.14781951904297,21.495521545410156,1.3477020263671875,0.9804558753967285,0.9781867265701294,0.9587628865979382,0,A,micro_finetune_lambda_0p1.pth,1,False
24,1,001.Black_footed_Albatross,background_blur,1,1,True,True,True,0,24.903106689453125,26.61721420288086,1.7141075134277344,0.927455484867096,0.9130138158798218,0.9298245614035088,0,A,micro_finetune_lambda_0p1.pth,1,False
91,2,002.Laysan_Albatross,background_blur,2,2,True,True,True,1,16.495607376098633,16.087081909179688,-0.4085254669189453,0.8714921474456787,0.8554508686065674,0.583011583011583,0,B,micro_finetune_lambda_0p1.pth,2,False
94,2,002.Laysan_Albatross,background_blur,2,2,True,True,True,1,16.889158248901367,16.353370666503906,-0.5357875823974609,0.9846087694168091,0.9779533743858337,0.8357487922705314,0,A,micro_finetune_lambda_0p1.pth,2,False
157,3,003.Sooty_Albatross,background_blur,3,3,True,True,True,2,5.508544921875,0.9505307674407959,-4.558014154434204,0.9830562472343445,0.9564218521118164,0.7582417582417582,0,A,micro_finetune_lambda_0p1.pth,3,False
156,3,003.Sooty_Albatross,background_blur,3,3,True,True,True,2,12.975536346435547,15.868562698364258,2.893026351928711,0.9688656330108643,0.9241927266120911,0.5879828326180258,0,A,micro_finetune_lambda_0p1.pth,3,False
205,4,004.Groove_billed_Ani,background_blur,4,4,True,True,True,3,20.03404998779297,26.403961181640625,6.369911193847656,0.9382302165031433,0.8906739354133606,0.7307692307692307,0,A,micro_finetune_lambda_0p1.pth,4,False
179,4,004.Groove_billed_Ani,background_blur,4,4,True,True,True,3,20.832597732543945,21.122264862060547,0.28966712951660156,0.7204616069793701,0.44259771704673767,0.3438735177865613,0,B,micro_finetune_lambda_0p1.pth,4,False
277,5,005.Crested_Auklet,background_blur,5,5,True,True,True,4,21.41147804260254,25.216976165771484,3.8054981231689453,0.9806733131408691,0.8837167024612427,0.648936170212766,0,A,micro_finetune_lambda_0p1.pth,5,False
239,5,005.Crested_Auklet,background_blur,5,5,True,True,True,4,25.44634246826172,27.84737205505371,2.401029586791992,0.9871824979782104,0.946275532245636,0.8497109826589595,0,A,micro_finetune_lambda_0p1.pth,5,False
308,6,006.Least_Auklet,background_blur,7,6,False,True,False,6,1.66865873336792,-2.494419813156128,-4.163078546524048,0.9668774604797363,0.9366968870162964,0.6766467065868264,0,C,micro_finetune_lambda_0p1.pth,6,True
315,6,006.Least_Auklet,background_blur,6,6,True,True,True,5,9.218920707702637,10.717581748962402,1.4986610412597656,0.9465066194534302,0.6612067818641663,0.38686131386861317,0,B,micro_finetune_lambda_0p1.pth,6,False
351,7,007.Parakeet_Auklet,background_blur,7,7,True,True,True,6,15.879889488220215,13.916543006896973,-1.9633464813232422,0.9745103716850281,0.9626383781433105,0.7924528301886793,0,A,micro_finetune_lambda_0p1.pth,7,False
325,7,007.Parakeet_Auklet,background_blur,7,7,True,True,True,6,23.854978561401367,24.227367401123047,0.3723888397216797,0.9836181998252869,0.9706917405128479,0.9021739130434783,0,A,micro_finetune_lambda_0p1.pth,7,False
387,8,008.Rhinoceros_Auklet,background_blur,8,8,True,True,True,7,8.313234329223633,24.555822372436523,16.24258804321289,0.8676408529281616,0.7092017531394958,0.5165876777251185,0,B,micro_finetune_lambda_0p1.pth,8,False
420,8,008.Rhinoceros_Auklet,background_blur,8,8,True,True,True,7,27.16785430908203,19.07501983642578,-8.09283447265625,0.7244519591331482,0.6226047277450562,0.7431192660550459,0,B,micro_finetune_lambda_0p1.pth,8,False
448,9,009.Brewer_Blackbird,background_blur,9,9,True,True,True,8,19.517675399780273,24.67361831665039,5.155942916870117,0.9498079419136047,0.9208949208259583,0.8719211822660099,0,A,micro_finetune_lambda_0p1.pth,9,False
454,9,009.Brewer_Blackbird,background_blur,9,9,True,True,True,8,0.9258096218109131,5.49822998046875,4.572420358657837,0.8401811122894287,0.7581341862678528,0.5767634854771784,0,B,micro_finetune_lambda_0p1.pth,9,False
522,10,010.Red_winged_Blackbird,background_blur,10,10,True,True,True,9,26.247390747070312,25.53443145751953,-0.7129592895507812,0.897345781326294,0.8235124945640564,0.7391304347826086,0,B,micro_finetune_lambda_0p1.pth,10,False
494,10,010.Red_winged_Blackbird,background_blur,10,10,True,True,True,9,29.140972137451172,28.194276809692383,-0.9466953277587891,0.9003113508224487,0.8001654148101807,0.5,0,A,micro_finetune_lambda_0p1.pth,10,False
603,11,011.Rusty_Blackbird,background_blur,11,11,True,True,True,10,13.840522766113281,15.707595825195312,1.8670730590820312,0.7558199167251587,0.49857139587402344,0.34275618374558303,0,B,micro_finetune_lambda_0p1.pth,11,False
592,11,011.Rusty_Blackbird,background_blur,11,76,True,False,False,10,1.0716819763183594,-8.71783447265625,-9.78951644897461,0.7989652752876282,0.677283525466919,0.5920398009950248,0,D,micro_finetune_lambda_0p1.pth,11,False
627,12,012.Yellow_headed_Blackbird,background_blur,12,12,True,True,True,11,19.74710464477539,19.096576690673828,-0.6505279541015625,0.9266999363899231,0.919221818447113,0.5454545454545454,0,A,micro_finetune_lambda_0p1.pth,12,False
622,12,012.Yellow_headed_Blackbird,background_blur,12,12,True,True,True,11,4.152928352355957,12.35361099243164,8.200682640075684,0.8884046077728271,0.8668702840805054,0.4022140221402214,0,B,micro_finetune_lambda_0p1.pth,12,False
679,13,013.Bobolink,background_blur,13,92,True,False,False,12,2.776576042175293,-2.592057228088379,-5.368633270263672,0.8108705282211304,0.5631901621818542,0.38047138047138046,0,D,micro_finetune_lambda_0p1.pth,13,False
703,13,013.Bobolink,background_blur,13,13,True,True,True,12,12.857141494750977,18.334806442260742,5.477664947509766,0.9680289030075073,0.8328539729118347,0.5763546798029556,0,A,micro_finetune_lambda_0p1.pth,13,False
752,14,014.Indigo_Bunting,background_blur,14,14,True,True,True,13,5.300273895263672,8.826382637023926,3.526108741760254,0.9920752048492432,0.9890151023864746,0.917098445595855,0,A,micro_finetune_lambda_0p1.pth,14,False
737,14,014.Indigo_Bunting,background_blur,14,14,True,True,True,13,28.57278823852539,23.654361724853516,-4.918426513671875,0.8254989981651306,0.7980485558509827,0.5111111111111111,0,B,micro_finetune_lambda_0p1.pth,14,False
809,15,015.Lazuli_Bunting,background_blur,15,15,True,True,True,14,16.851219177246094,23.637399673461914,6.78618049621582,0.8025072813034058,0.6778618097305298,0.6033755274261603,0,B,micro_finetune_lambda_0p1.pth,15,False
796,15,015.Lazuli_Bunting,background_blur,15,15,True,True,True,14,19.509164810180664,23.648948669433594,4.13978385925293,0.694962739944458,0.5619214773178101,0.5116279069767442,0,B,micro_finetune_lambda_0p1.pth,15,False
852,16,016.Painted_Bunting,background_blur,16,16,True,True,True,15,20.396202087402344,28.79418182373047,8.397979736328125,0.9043183326721191,0.8814693093299866,0.5625,0,A,micro_finetune_lambda_0p1.pth,16,False
842,16,016.Painted_Bunting,background_blur,16,16,True,True,True,15,32.44024658203125,33.374366760253906,0.9341201782226562,0.9964306950569153,0.995396077632904,0.8719211822660099,0,A,micro_finetune_lambda_0p1.pth,16,False
896,17,017.Cardinal,background_blur,17,17,True,True,True,16,24.088470458984375,27.088470458984375,3.0,0.9000037312507629,0.8776742815971375,0.6593886462882096,0,A,micro_finetune_lambda_0p1.pth,17,False
924,17,017.Cardinal,background_blur,17,140,True,False,False,16,3.6426658630371094,-0.11201059818267822,-3.7546764612197876,0.9794663190841675,0.9756616950035095,0.6042780748663101,0,C,micro_finetune_lambda_0p1.pth,17,False
978,18,018.Spotted_Catbird,background_blur,18,18,True,True,True,17,27.132869720458984,22.616134643554688,-4.516735076904297,0.9197368025779724,0.8970714211463928,0.42857142857142855,0,B,micro_finetune_lambda_0p1.pth,18,False
997,18,018.Spotted_Catbird,background_blur,18,18,True,True,True,17,29.89582061767578,27.696514129638672,-2.1993064880371094,0.9982632398605347,0.9976940155029297,0.9548872180451128,0,A,micro_finetune_lambda_0p1.pth,18,False
1009,19,019.Gray_Catbird,background_blur,19,19,True,True,True,18,23.403270721435547,18.923625946044922,-4.479644775390625,0.9386776685714722,0.9041758179664612,0.7616580310880829,0,A,micro_finetune_lambda_0p1.pth,19,False
999,19,019.Gray_Catbird,background_blur,193,193,False,False,True,192,0.9576691389083862,3.247495651245117,2.289826512336731,0.9929686188697815,0.9894488453865051,0.9101123595505618,0,A,micro_finetune_lambda_0p1.pth,19,True
1108,20,020.Yellow_breasted_Chat,background_blur,20,20,True,True,True,19,4.7769622802734375,4.736021041870117,-0.04094123840332031,0.9382578134536743,0.9166699647903442,0.6738197424892703,0,A,micro_finetune_lambda_0p1.pth,20,False
1086,20,020.Yellow_breasted_Chat,background_blur,20,20,True,True,True,19,9.123769760131836,13.575777053833008,4.452007293701172,0.9838812947273254,0.9721272587776184,0.8367346938775511,0,A,micro_finetune_lambda_0p1.pth,20,False
1132,21,021.Eastern_Towhee,background_blur,21,21,True,True,True,20,23.897924423217773,29.922183990478516,6.024259567260742,0.968306303024292,0.9005122184753418,0.7180616740088106,0,A,micro_finetune_lambda_0p1.pth,21,False
1127,21,021.Eastern_Towhee,background_blur,21,21,True,True,True,20,13.6006498336792,5.426090240478516,-8.174559593200684,0.8964037895202637,0.7492629885673523,0.5062761506276151,0,B,micro_finetune_lambda_0p1.pth,21,False
1183,22,022.Chuck_will_Widow,background_blur,22,22,True,True,True,21,19.420190811157227,16.89373016357422,-2.526460647583008,0.9512393474578857,0.8197928667068481,0.6037735849056604,0,A,micro_finetune_lambda_0p1.pth,22,False
1193,22,022.Chuck_will_Widow,background_blur,22,22,True,True,True,21,7.803827285766602,11.258572578430176,3.454745292663574,0.9555609822273254,0.8868353962898254,0.7874396135265701,0,A,micro_finetune_lambda_0p1.pth,22,False
1275,23,023.Brandt_Cormorant,background_blur,23,23,True,True,True,22,5.106313705444336,13.568178176879883,8.461864471435547,0.9208117723464966,0.8730796575546265,0.680327868852459,0,A,micro_finetune_lambda_0p1.pth,23,False
1266,23,023.Brandt_Cormorant,background_blur,23,23,True,True,True,22,19.08402442932129,22.337404251098633,3.2533798217773438,0.9931816458702087,0.9876614809036255,0.9289340101522843,0,A,micro_finetune_lambda_0p1.pth,23,False
1341,24,024.Red_faced_Cormorant,background_blur,24,24,True,True,True,23,26.627431869506836,27.706703186035156,1.0792713165283203,0.8128864765167236,0.6976237893104553,0.6742081447963801,0,B,micro_finetune_lambda_0p1.pth,24,False
1319,24,024.Red_faced_Cormorant,background_blur,24,24,True,True,True,23,20.764131546020508,22.16696548461914,1.4028339385986328,0.9826288819313049,0.9731031656265259,0.8536585365853658,0,A,micro_finetune_lambda_0p1.pth,24,False
1367,25,025.Pelagic_Cormorant,background_blur,25,23,True,False,False,24,8.257030487060547,-5.178135871887207,-13.435166358947754,0.9553696513175964,0.9297050833702087,0.8229166666666666,0,C,micro_finetune_lambda_0p1.pth,25,False
1376,25,025.Pelagic_Cormorant,background_blur,25,8,True,False,False,24,10.112434387207031,-0.6667284965515137,-10.779162883758545,0.9252291917800903,0.8857547044754028,0.8421052631578947,0,C,micro_finetune_lambda_0p1.pth,25,False
1457,26,026.Bronzed_Cowbird,background_blur,26,26,True,True,True,25,29.603025436401367,19.161054611206055,-10.441970825195312,0.8323863744735718,0.5467650294303894,0.42857142857142855,0,B,micro_finetune_lambda_0p1.pth,26,False
1432,26,026.Bronzed_Cowbird,background_blur,26,26,True,True,True,25,10.335382461547852,18.55118751525879,8.215805053710938,0.907758355140686,0.777478814125061,0.5668202764976958,0,A,micro_finetune_lambda_0p1.pth,26,False
1518,27,027.Shiny_Cowbird,background_blur,27,110,True,False,False,26,20.858562469482422,-7.346747398376465,-28.205309867858887,0.8074861764907837,0.57762211561203,0.4559386973180077,0,D,micro_finetune_lambda_0p1.pth,27,False
1463,27,027.Shiny_Cowbird,background_blur,27,27,True,True,True,26,20.810728073120117,16.14801025390625,-4.662717819213867,0.806424617767334,0.7159614562988281,0.6666666666666666,0,B,micro_finetune_lambda_0p1.pth,27,False
1553,28,028.Brown_Creeper,background_blur,28,28,True,True,True,27,29.998647689819336,15.271123886108398,-14.727523803710938,0.9170363545417786,0.6571124792098999,0.27049180327868855,0,B,micro_finetune_lambda_0p1.pth,28,False
1555,28,028.Brown_Creeper,background_blur,28,28,True,True,True,27,27.96527862548828,25.496801376342773,-2.468477249145508,0.956227719783783,0.8768222332000732,0.5789473684210527,0,A,micro_finetune_lambda_0p1.pth,28,False
1594,29,029.American_Crow,background_blur,29,29,True,True,True,28,12.445993423461914,8.504948616027832,-3.941044807434082,0.9858862161636353,0.9738740921020508,0.8905472636815921,0,A,micro_finetune_lambda_0p1.pth,29,False
1605,29,029.American_Crow,background_blur,29,29,True,True,True,28,16.053068161010742,17.31378746032715,1.2607192993164062,0.9839447736740112,0.9680125713348389,0.896551724137931,0,A,micro_finetune_lambda_0p1.pth,29,False
1646,30,030.Fish_Crow,background_blur,30,30,True,True,True,29,18.1390323638916,11.515632629394531,-6.62339973449707,0.9611061811447144,0.9553316235542297,0.8181818181818182,0,A,micro_finetune_lambda_0p1.pth,30,False
1696,30,030.Fish_Crow,background_blur,30,30,True,True,True,29,18.552417755126953,12.767960548400879,-5.784457206726074,0.805935263633728,0.7241577506065369,0.6964285714285714,0,B,micro_finetune_lambda_0p1.pth,30,False
1738,31,031.Black_billed_Cuckoo,background_blur,31,31,True,True,True,30,25.158981323242188,28.008705139160156,2.8497238159179688,0.817633330821991,0.6889839768409729,0.5139442231075697,0,B,micro_finetune_lambda_0p1.pth,31,False
1730,31,031.Black_billed_Cuckoo,background_blur,31,31,True,True,True,30,12.017375946044922,16.875099182128906,4.857723236083984,0.7738460898399353,0.5845879316329956,0.504424778761062,0,B,micro_finetune_lambda_0p1.pth,31,False
1768,32,032.Mangrove_Cuckoo,background_blur,32,32,True,True,True,31,4.337929725646973,2.2134437561035156,-2.124485969543457,0.9736834764480591,0.887478768825531,0.6964285714285714,0,A,micro_finetune_lambda_0p1.pth,32,False
1807,32,032.Mangrove_Cuckoo,background_blur,32,32,True,True,True,31,31.66143035888672,32.36700439453125,0.7055740356445312,0.83858323097229,0.5953003764152527,0.5573770491803278,0,B,micro_finetune_lambda_0p1.pth,32,False
1846,33,033.Yellow_billed_Cuckoo,background_blur,33,31,True,False,False,32,14.7327880859375,-2.3797478675842285,-17.11253595352173,0.8497875332832336,0.5962587594985962,0.40077821011673154,0,D,micro_finetune_lambda_0p1.pth,33,False
1859,33,033.Yellow_billed_Cuckoo,background_blur,33,33,True,True,True,32,18.073633193969727,22.87322425842285,4.799591064453125,0.908299446105957,0.6878119707107544,0.48148148148148145,0,B,micro_finetune_lambda_0p1.pth,33,False
1888,34,034.Gray_crowned_Rosy_Finch,background_blur,34,34,True,True,True,33,23.835477828979492,21.114721298217773,-2.7207565307617188,0.9899921417236328,0.9821386933326721,0.9310344827586207,0,A,micro_finetune_lambda_0p1.pth,34,False
1896,34,034.Gray_crowned_Rosy_Finch,background_blur,34,34,True,True,True,33,24.808574676513672,17.911117553710938,-6.897457122802734,0.9597684144973755,0.9264888763427734,0.9101123595505618,0,A,micro_finetune_lambda_0p1.pth,34,False
1968,35,035.Purple_Finch,background_blur,35,35,True,True,True,34,30.510406494140625,32.6807746887207,2.170368194580078,0.9759734272956848,0.9601383805274963,0.9230769230769231,0,A,micro_finetune_lambda_0p1.pth,35,False
1939,35,035.Purple_Finch,background_blur,35,35,True,True,True,34,24.465557098388672,29.39223861694336,4.9266815185546875,0.9441806077957153,0.9047255516052246,0.7708333333333334,0,A,micro_finetune_lambda_0p1.pth,35,False
2040,36,036.Northern_Flicker,background_blur,36,36,True,True,True,35,17.19411277770996,21.17255973815918,3.9784469604492188,0.9784430861473083,0.9543746709823608,0.7351598173515982,0,A,micro_finetune_lambda_0p1.pth,36,False
2030,36,036.Northern_Flicker,background_blur,36,36,True,True,True,35,26.682689666748047,24.682331085205078,-2.0003585815429688,0.9852825999259949,0.9695131182670593,0.8009478672985783,0,A,micro_finetune_lambda_0p1.pth,36,False
2067,37,037.Acadian_Flycatcher,background_blur,37,37,True,True,True,36,14.568746566772461,10.416584014892578,-4.152162551879883,0.9607111811637878,0.9224405884742737,0.71875,0,A,micro_finetune_lambda_0p1.pth,37,False
2075,37,037.Acadian_Flycatcher,background_blur,37,37,True,True,True,36,7.113064289093018,5.602120399475098,-1.51094388961792,0.9495682120323181,0.9185587763786316,0.5957446808510638,0,A,micro_finetune_lambda_0p1.pth,37,False
2135,38,038.Great_Crested_Flycatcher,background_blur,38,173,True,False,False,37,6.631938934326172,-13.056354522705078,-19.68829345703125,0.8525156378746033,0.6231964826583862,0.2711864406779661,0,D,micro_finetune_lambda_0p1.pth,38,False
2158,38,038.Great_Crested_Flycatcher,background_blur,38,38,True,True,True,37,31.227907180786133,32.17356872558594,0.9456615447998047,0.9552336931228638,0.915136456489563,0.7567567567567568,0,A,micro_finetune_lambda_0p1.pth,38,False
2186,39,039.Least_Flycatcher,background_blur,39,39,True,True,True,38,17.98771858215332,1.9711532592773438,-16.016565322875977,0.6951949000358582,0.4728281497955322,0.3008130081300813,0,B,micro_finetune_lambda_0p1.pth,39,False
2183,39,039.Least_Flycatcher,background_blur,39,39,True,True,True,38,10.461028099060059,19.68289566040039,9.221867561340332,0.8357856273651123,0.6679894924163818,0.49377593360995853,0,B,micro_finetune_lambda_0p1.pth,39,False
2257,40,040.Olive_sided_Flycatcher,background_blur,40,40,True,True,True,39,13.954565048217773,21.466772079467773,7.51220703125,0.9418113827705383,0.9151430130004883,0.7801047120418848,0,A,micro_finetune_lambda_0p1.pth,40,False
2234,40,040.Olive_sided_Flycatcher,background_blur,103,103,False,False,True,102,0.37444305419921875,0.6319074630737305,0.2574644088745117,0.9584728479385376,0.9241212606430054,0.625,0,A,micro_finetune_lambda_0p1.pth,40,True
2293,41,041.Scissor_tailed_Flycatcher,background_blur,41,41,True,True,True,40,5.87927770614624,5.410408020019531,-0.468869686126709,0.7337806224822998,0.6724910140037537,0.5121951219512195,0,B,micro_finetune_lambda_0p1.pth,41,False
2319,41,041.Scissor_tailed_Flycatcher,background_blur,41,41,True,True,True,40,31.13931655883789,31.60790252685547,0.4685859680175781,0.9047129154205322,0.8726959824562073,0.6949152542372882,0,A,micro_finetune_lambda_0p1.pth,41,False
2381,42,042.Vermilion_Flycatcher,background_blur,42,42,True,True,True,41,32.36796569824219,32.387184143066406,0.01921844482421875,0.9947528839111328,0.9937593340873718,0.8627450980392157,0,A,micro_finetune_lambda_0p1.pth,42,False
2367,42,042.Vermilion_Flycatcher,background_blur,42,42,True,True,True,41,24.312429428100586,23.1857967376709,-1.1266326904296875,0.9966771602630615,0.9959952235221863,0.9337016574585635,0,A,micro_finetune_lambda_0p1.pth,42,False
2412,43,043.Yellow_bellied_Flycatcher,background_blur,43,43,True,True,True,42,8.455622673034668,2.059084177017212,-6.396538496017456,0.9328380227088928,0.8309749960899353,0.6923076923076923,0,A,micro_finetune_lambda_0p1.pth,43,False
2434,43,043.Yellow_bellied_Flycatcher,background_blur,43,43,True,True,True,42,11.383968353271484,4.986453056335449,-6.397515296936035,0.8972775936126709,0.7834756374359131,0.7040358744394619,0,B,micro_finetune_lambda_0p1.pth,43,False
2500,44,044.Frigatebird,background_blur,44,44,True,True,True,43,16.3094539642334,14.716751098632812,-1.592702865600586,0.9895890355110168,0.977729856967926,0.675392670157068,0,A,micro_finetune_lambda_0p1.pth,44,False
2470,44,044.Frigatebird,background_blur,44,44,True,True,True,43,20.44904136657715,11.202691078186035,-9.246350288391113,0.9943235516548157,0.9720003008842468,0.7021276595744681,0,A,micro_finetune_lambda_0p1.pth,44,False
2571,45,045.Northern_Fulmar,background_blur,45,45,True,True,True,44,1.4218964576721191,14.347564697265625,12.925668239593506,0.938664972782135,0.926068127155304,0.5447154471544715,0,A,micro_finetune_lambda_0p1.pth,45,False
2559,45,045.Northern_Fulmar,background_blur,45,45,True,True,True,44,18.91162872314453,11.843498229980469,-7.0681304931640625,0.9653176069259644,0.9636422395706177,0.6814159292035398,0,A,micro_finetune_lambda_0p1.pth,45,False
2594,46,046.Gadwall,background_blur,46,61,True,False,False,45,1.5258750915527344,-3.8580760955810547,-5.383951187133789,0.9719086289405823,0.9077040553092957,0.7592592592592593,0,C,micro_finetune_lambda_0p1.pth,46,False
2649,46,046.Gadwall,background_blur,46,46,True,True,True,45,21.810789108276367,18.702856063842773,-3.1079330444335938,0.9785804152488708,0.8853909373283386,0.41762452107279696,0,B,micro_finetune_lambda_0p1.pth,46,False
2676,47,047.American_Goldfinch,background_blur,47,47,True,True,True,46,25.99831199645996,27.27398681640625,1.275674819946289,0.9782112836837769,0.9733741879463196,0.8357487922705314,0,A,micro_finetune_lambda_0p1.pth,47,False
2673,47,047.American_Goldfinch,background_blur,47,47,True,True,True,46,10.221120834350586,11.088085174560547,0.8669643402099609,0.9455877542495728,0.9307835698127747,0.7535545023696683,0,A,micro_finetune_lambda_0p1.pth,47,False
2764,48,048.European_Goldfinch,background_blur,48,48,True,True,True,47,29.714763641357422,31.32477378845215,1.6100101470947266,0.9375443458557129,0.8133289813995361,0.630901287553648,0,A,micro_finetune_lambda_0p1.pth,48,False
2761,48,048.European_Goldfinch,background_blur,48,48,True,True,True,47,24.847702026367188,24.848526000976562,0.000823974609375,0.9679033756256104,0.9188526272773743,0.8478260869565217,0,A,micro_finetune_lambda_0p1.pth,48,False
2785,49,049.Boat_tailed_Grackle,background_blur,49,49,True,True,True,48,22.01345443725586,21.35600471496582,-0.6574497222900391,0.9892264604568481,0.9774782061576843,0.8947368421052632,0,A,micro_finetune_lambda_0p1.pth,49,False
2805,49,049.Boat_tailed_Grackle,background_blur,49,49,True,True,True,48,19.13026237487793,5.842918395996094,-13.287343978881836,0.952393651008606,0.9273228645324707,0.807909604519774,0,A,micro_finetune_lambda_0p1.pth,49,False
2837,50,050.Eared_Grebe,background_blur,50,50,True,True,True,49,10.952889442443848,8.070571899414062,-2.882317543029785,0.9780454635620117,0.9407712817192078,0.6317991631799164,0,A,micro_finetune_lambda_0p1.pth,50,False
2839,50,050.Eared_Grebe,background_blur,50,50,True,True,True,49,10.330648422241211,8.17623519897461,-2.1544132232666016,0.9740327000617981,0.9448514580726624,0.5584415584415584,0,A,micro_finetune_lambda_0p1.pth,50,False
2892,51,051.Horned_Grebe,background_blur,51,51,True,True,True,50,3.958068370819092,7.5600433349609375,3.6019749641418457,0.5540503263473511,0.3636883795261383,0.38686131386861317,0,B,micro_finetune_lambda_0p1.pth,51,False
2913,51,051.Horned_Grebe,background_blur,51,51,True,True,True,50,15.437359809875488,15.058070182800293,-0.3792896270751953,0.8533567190170288,0.7394765615463257,0.2727272727272727,0,B,micro_finetune_lambda_0p1.pth,51,False
2997,52,052.Pied_billed_Grebe,background_blur,52,52,True,True,True,51,14.856559753417969,5.336214542388916,-9.520345211029053,0.6340276002883911,0.4838576018810272,0.47058823529411764,0,B,micro_finetune_lambda_0p1.pth,52,False
3004,52,052.Pied_billed_Grebe,background_blur,52,52,True,True,True,51,26.938854217529297,26.192251205444336,-0.7466030120849609,0.833395779132843,0.8002209663391113,0.6,0,B,micro_finetune_lambda_0p1.pth,52,False
3037,53,053.Western_Grebe,background_blur,53,53,True,True,True,52,22.6243896484375,22.530641555786133,-0.09374809265136719,0.9620289206504822,0.9196995496749878,0.839622641509434,0,A,micro_finetune_lambda_0p1.pth,53,False
3066,53,053.Western_Grebe,background_blur,53,53,True,True,True,52,23.592601776123047,24.704193115234375,1.1115913391113281,0.9696868062019348,0.9228515028953552,0.7757009345794392,0,A,micro_finetune_lambda_0p1.pth,53,False
3124,54,054.Blue_Grosbeak,background_blur,54,54,True,True,True,53,19.986900329589844,19.819128036499023,-0.1677722930908203,0.9440503120422363,0.9048162698745728,0.7894736842105263,0,A,micro_finetune_lambda_0p1.pth,54,False
3081,54,054.Blue_Grosbeak,background_blur,54,54,True,True,True,53,21.123165130615234,19.383007049560547,-1.7401580810546875,0.9109676480293274,0.8382564783096313,0.6589861751152074,0,A,micro_finetune_lambda_0p1.pth,54,False
3135,55,055.Evening_Grosbeak,background_blur,55,55,True,True,True,54,27.48959732055664,27.661388397216797,0.17179107666015625,0.997567892074585,0.9957489967346191,0.9689119170984456,0,A,micro_finetune_lambda_0p1.pth,55,False
3166,55,055.Evening_Grosbeak,background_blur,55,55,True,True,True,54,27.877765655517578,21.022045135498047,-6.855720520019531,0.9259145259857178,0.8914900422096252,0.807909604519774,0,A,micro_finetune_lambda_0p1.pth,55,False
3206,56,056.Pine_Grosbeak,background_blur,56,56,True,True,True,55,26.797748565673828,26.216567993164062,-0.5811805725097656,0.9663284420967102,0.9156534075737,0.7714285714285715,0,A,micro_finetune_lambda_0p1.pth,56,False
3218,56,056.Pine_Grosbeak,background_blur,56,56,True,True,True,55,34.51093292236328,35.14152526855469,0.6305923461914062,0.9324235320091248,0.8957245945930481,0.7757009345794392,0,A,micro_finetune_lambda_0p1.pth,56,False
3298,57,057.Rose_breasted_Grosbeak,background_blur,57,57,True,True,True,56,18.632936477661133,22.74367904663086,4.110742568969727,0.9634519219398499,0.9487757682800293,0.5525114155251142,0,A,micro_finetune_lambda_0p1.pth,57,False
3261,57,057.Rose_breasted_Grosbeak,background_blur,57,57,True,True,True,56,24.620635986328125,24.292715072631836,-0.32792091369628906,0.8909202218055725,0.8278768062591553,0.75,0,B,micro_finetune_lambda_0p1.pth,57,False
3359,58,058.Pigeon_Guillemot,background_blur,58,58,True,True,True,57,30.561168670654297,35.161766052246094,4.600597381591797,0.8687489032745361,0.7609128355979919,0.5887850467289719,0,B,micro_finetune_lambda_0p1.pth,58,False
3326,58,058.Pigeon_Guillemot,background_blur,58,58,True,True,True,57,26.083934783935547,25.160606384277344,-0.9233283996582031,0.9183677434921265,0.8591117262840271,0.7391304347826086,0,A,micro_finetune_lambda_0p1.pth,58,False
3390,59,059.California_Gull,background_blur,59,59,True,True,True,58,0.9836721420288086,5.000856399536133,4.017184257507324,0.9491658806800842,0.9368553757667542,0.7985611510791367,0,A,micro_finetune_lambda_0p1.pth,59,False
3370,59,059.California_Gull,background_blur,59,59,True,True,True,58,3.5363097190856934,17.292020797729492,13.755711078643799,0.8090793490409851,0.7432576417922974,0.4448669201520912,0,B,micro_finetune_lambda_0p1.pth,59,False
3432,60,060.Glaucous_winged_Gull,background_blur,60,60,True,True,True,59,24.5889892578125,23.01249885559082,-1.5764904022216797,0.9491166472434998,0.9153147339820862,0.8579234972677595,0,A,micro_finetune_lambda_0p1.pth,60,False
3453,60,060.Glaucous_winged_Gull,background_blur,60,60,True,True,True,59,23.48859405517578,23.648576736450195,0.15998268127441406,0.9494854807853699,0.9164502620697021,0.8357487922705314,0,A,micro_finetune_lambda_0p1.pth,60,False
3494,61,061.Heermann_Gull,background_blur,61,61,True,True,True,60,20.610801696777344,19.93022918701172,-0.680572509765625,0.9782038927078247,0.9612041711807251,0.8902439024390244,0,A,micro_finetune_lambda_0p1.pth,61,False
3537,61,061.Heermann_Gull,background_blur,61,61,True,True,True,60,21.933792114257812,25.83372688293457,3.899934768676758,0.9886133670806885,0.982398271560669,0.9101123595505618,0,A,micro_finetune_lambda_0p1.pth,61,False
3594,62,062.Herring_Gull,background_blur,62,62,True,True,True,61,0.8267726898193359,1.8176155090332031,0.9908428192138672,0.981569230556488,0.9576311707496643,0.8085106382978723,0,A,micro_finetune_lambda_0p1.pth,62,False
3598,62,062.Herring_Gull,background_blur,62,62,True,True,True,61,12.385780334472656,6.364246368408203,-6.021533966064453,0.9829766154289246,0.9672529101371765,0.8536585365853658,0,A,micro_finetune_lambda_0p1.pth,62,False
3652,63,063.Ivory_Gull,background_blur,63,63,True,True,True,62,23.978187561035156,17.690990447998047,-6.287197113037109,0.9373559951782227,0.9230881333351135,0.6170212765957447,0,A,micro_finetune_lambda_0p1.pth,63,False
3662,63,063.Ivory_Gull,background_blur,63,63,True,True,True,62,24.09667205810547,26.775123596191406,2.6784515380859375,0.9872105121612549,0.9813640713691711,0.8713450292397661,0,A,micro_finetune_lambda_0p1.pth,63,False
3726,64,064.Ring_billed_Gull,background_blur,64,64,True,True,True,63,15.797708511352539,11.960561752319336,-3.837146759033203,0.9719665050506592,0.9663516879081726,0.9318181818181818,0,A,micro_finetune_lambda_0p1.pth,64,False
3698,64,064.Ring_billed_Gull,background_blur,64,64,True,True,True,63,18.931673049926758,19.355510711669922,0.42383766174316406,0.9977894425392151,0.9958865642547607,0.9289340101522843,0,A,micro_finetune_lambda_0p1.pth,64,False
3763,65,065.Slaty_backed_Gull,background_blur,65,147,True,False,False,64,7.26152229309082,-0.6835575103759766,-7.945079803466797,0.9422872066497803,0.9162186980247498,0.6509433962264151,0,C,micro_finetune_lambda_0p1.pth,65,False
3760,65,065.Slaty_backed_Gull,background_blur,60,65,False,True,False,59,1.0354074239730835,-0.9992616176605225,-2.034669041633606,0.929217517375946,0.9120845794677734,0.901840490797546,0,C,micro_finetune_lambda_0p1.pth,65,True
3823,66,066.Western_Gull,background_blur,66,66,True,True,True,65,9.902758598327637,5.532275199890137,-4.3704833984375,0.9808055758476257,0.9513228535652161,0.8055555555555556,0,A,micro_finetune_lambda_0p1.pth,66,False
3836,66,066.Western_Gull,background_blur,66,66,True,True,True,65,27.460628509521484,26.149944305419922,-1.3106842041015625,0.9348440766334534,0.8144692182540894,0.7085427135678392,0,A,micro_finetune_lambda_0p1.pth,66,False
3859,67,067.Anna_Hummingbird,background_blur,67,67,True,True,True,66,6.304542064666748,2.7345266342163086,-3.5700154304504395,0.9037911295890808,0.885638415813446,0.5702479338842975,0,A,micro_finetune_lambda_0p1.pth,67,False
3877,67,067.Anna_Hummingbird,background_blur,67,67,True,True,True,66,28.84913444519043,22.905651092529297,-5.943483352661133,0.9822658896446228,0.977156400680542,0.9354838709677419,0,A,micro_finetune_lambda_0p1.pth,67,False
3900,68,068.Ruby_throated_Hummingbird,background_blur,68,68,True,True,True,67,29.041397094726562,27.453258514404297,-1.5881385803222656,0.9878100156784058,0.9847968220710754,0.7964071856287425,0,A,micro_finetune_lambda_0p1.pth,68,False
3924,68,068.Ruby_throated_Hummingbird,background_blur,68,68,True,True,True,67,1.2752498388290405,5.890032768249512,4.614782929420471,0.8498833179473877,0.8175759315490723,0.3475177304964539,0,B,micro_finetune_lambda_0p1.pth,68,False
4002,69,069.Rufous_Hummingbird,background_blur,69,69,True,True,True,68,25.554323196411133,24.807754516601562,-0.7465686798095703,0.995878279209137,0.9929876923561096,0.9047619047619048,0,A,micro_finetune_lambda_0p1.pth,69,False
3965,69,069.Rufous_Hummingbird,background_blur,69,69,True,True,True,68,20.052261352539062,19.45008087158203,-0.6021804809570312,0.9354513883590698,0.8918177485466003,0.6339869281045751,0,A,micro_finetune_lambda_0p1.pth,69,False
4048,70,070.Green_Violetear,background_blur,70,70,True,True,True,69,22.16520881652832,23.631418228149414,1.4662094116210938,0.9986386299133301,0.9981405735015869,0.8784530386740331,0,A,micro_finetune_lambda_0p1.pth,70,False
4058,70,070.Green_Violetear,background_blur,70,70,True,True,True,69,19.742450714111328,18.415557861328125,-1.3268928527832031,0.976395845413208,0.9686586260795593,0.6981132075471698,0,A,micro_finetune_lambda_0p1.pth,70,False
4099,71,071.Long_tailed_Jaeger,background_blur,71,71,True,True,True,70,3.793215751647949,6.378503322601318,2.585287570953369,0.9852840900421143,0.9719468951225281,0.8446601941747572,0,A,micro_finetune_lambda_0p1.pth,71,False
4080,71,071.Long_tailed_Jaeger,background_blur,71,71,True,True,True,70,29.648345947265625,33.915443420410156,4.267097473144531,0.8973884582519531,0.8426907062530518,0.6593886462882096,0,B,micro_finetune_lambda_0p1.pth,71,False
4139,72,072.Pomarine_Jaeger,background_blur,72,72,True,True,True,71,4.560421943664551,10.312097549438477,5.751675605773926,0.9754855632781982,0.8540549278259277,0.6591928251121076,0,A,micro_finetune_lambda_0p1.pth,72,False
4163,72,072.Pomarine_Jaeger,background_blur,72,72,True,True,True,71,10.425130844116211,2.813060760498047,-7.612070083618164,0.9762493371963501,0.9343356490135193,0.7050691244239631,0,A,micro_finetune_lambda_0p1.pth,72,False
4222,73,073.Blue_Jay,background_blur,73,73,True,True,True,72,32.33113098144531,32.07605743408203,-0.25507354736328125,0.976854681968689,0.9575691819190979,0.8604651162790697,0,A,micro_finetune_lambda_0p1.pth,73,False
4207,73,073.Blue_Jay,background_blur,73,73,True,True,True,72,33.956382751464844,32.2322883605957,-1.7240943908691406,0.9665225744247437,0.9483564496040344,0.9289340101522843,0,A,micro_finetune_lambda_0p1.pth,73,False
4312,74,074.Florida_Jay,background_blur,74,54,True,False,False,73,5.347236633300781,-2.323049545288086,-7.670286178588867,0.8208712339401245,0.7588915228843689,0.7,0,D,micro_finetune_lambda_0p1.pth,74,False
4281,74,074.Florida_Jay,background_blur,74,14,True,False,False,73,2.0929527282714844,-2.5265212059020996,-4.619473934173584,0.9374436140060425,0.904525101184845,0.834319526627219,0,C,micro_finetune_lambda_0p1.pth,74,False
4340,75,075.Green_Jay,background_blur,75,75,True,True,True,74,22.10601806640625,23.395421981811523,1.2894039154052734,0.9718149900436401,0.9617224335670471,0.784037558685446,0,A,micro_finetune_lambda_0p1.pth,75,False
4338,75,075.Green_Jay,background_blur,75,75,True,True,True,74,26.16840934753418,28.04003143310547,1.871622085571289,0.9880402088165283,0.9809678196907043,0.9191919191919192,0,A,micro_finetune_lambda_0p1.pth,75,False
4409,76,076.Dark_eyed_Junco,background_blur,76,76,True,True,True,75,29.584590911865234,19.372207641601562,-10.212383270263672,0.8464818000793457,0.6300329566001892,0.4785992217898833,0,B,micro_finetune_lambda_0p1.pth,76,False
4419,76,076.Dark_eyed_Junco,background_blur,76,76,True,True,True,75,25.25135040283203,2.721940040588379,-22.529410362243652,0.7561265826225281,0.604565441608429,0.4393939393939394,0,B,micro_finetune_lambda_0p1.pth,76,False
4447,77,077.Tropical_Kingbird,background_blur,77,77,True,True,True,76,15.664802551269531,14.676183700561523,-0.9886188507080078,0.9836354851722717,0.9769012331962585,0.8435754189944135,0,A,micro_finetune_lambda_0p1.pth,77,False
4462,77,077.Tropical_Kingbird,background_blur,77,77,True,True,True,76,27.55649185180664,26.81641387939453,-0.7400779724121094,0.9925740957260132,0.9899362921714783,0.9209039548022598,0,A,micro_finetune_lambda_0p1.pth,77,False
4496,78,078.Gray_Kingbird,background_blur,78,78,True,True,True,77,14.69764232635498,9.953895568847656,-4.743746757507324,0.9483157396316528,0.9307597279548645,0.8064516129032258,0,A,micro_finetune_lambda_0p1.pth,78,False
4504,78,078.Gray_Kingbird,background_blur,78,78,True,True,True,77,20.771804809570312,27.472057342529297,6.700252532958984,0.7493693828582764,0.6924120783805847,0.7511520737327189,0,B,micro_finetune_lambda_0p1.pth,78,False
4571,79,079.Belted_Kingfisher,background_blur,79,79,True,True,True,78,22.4033203125,13.350091934204102,-9.053228378295898,0.9177529811859131,0.8406957983970642,0.7006802721088435,0,A,micro_finetune_lambda_0p1.pth,79,False
4606,79,079.Belted_Kingfisher,background_blur,79,79,True,True,True,78,13.701553344726562,26.247600555419922,12.54604721069336,0.927509605884552,0.8787055015563965,0.680672268907563,0,A,micro_finetune_lambda_0p1.pth,79,False
4633,80,080.Green_Kingfisher,background_blur,80,80,True,True,True,79,21.463895797729492,8.963909149169922,-12.49998664855957,0.9648895859718323,0.9500066637992859,0.8888888888888888,0,A,micro_finetune_lambda_0p1.pth,80,False
4652,80,080.Green_Kingfisher,background_blur,80,80,True,True,True,79,4.776500701904297,11.239834785461426,6.463334083557129,0.9205820560455322,0.9059206247329712,0.6600790513833992,0,A,micro_finetune_lambda_0p1.pth,80,False
4715,81,081.Pied_Kingfisher,background_blur,81,81,True,True,True,80,21.608966827392578,23.617921829223633,2.0089550018310547,0.9021682143211365,0.8151490092277527,0.6521739130434783,0,A,micro_finetune_lambda_0p1.pth,81,False
4673,81,081.Pied_Kingfisher,background_blur,81,81,True,True,True,80,24.6254940032959,25.18487548828125,0.5593814849853516,0.9849349856376648,0.9749693870544434,0.7924528301886793,0,A,micro_finetune_lambda_0p1.pth,81,False
4733,82,082.Ringed_Kingfisher,background_blur,82,82,True,True,True,81,4.611719131469727,1.7127199172973633,-2.8989992141723633,0.8808606266975403,0.7634997367858887,0.642512077294686,0,B,micro_finetune_lambda_0p1.pth,82,False
4774,82,082.Ringed_Kingfisher,background_blur,82,82,True,True,True,81,19.66436195373535,18.211254119873047,-1.4531078338623047,0.9225819706916809,0.8637501001358032,0.7431192660550459,0,A,micro_finetune_lambda_0p1.pth,82,False
4846,83,083.White_breasted_Kingfisher,background_blur,83,83,True,True,True,82,29.445465087890625,29.8919620513916,0.44649696350097656,0.9697191715240479,0.9623736143112183,0.7674418604651163,0,A,micro_finetune_lambda_0p1.pth,83,False
4800,83,083.White_breasted_Kingfisher,background_blur,83,83,True,True,True,82,28.401199340820312,23.30084228515625,-5.1003570556640625,0.9870890378952026,0.9825968742370605,0.8867924528301887,0,A,micro_finetune_lambda_0p1.pth,83,False
4890,84,084.Red_legged_Kittiwake,background_blur,84,84,True,True,True,83,11.357355117797852,10.195980072021484,-1.1613750457763672,0.9367223978042603,0.8418758511543274,0.6666666666666666,0,A,micro_finetune_lambda_0p1.pth,84,False
4865,84,084.Red_legged_Kittiwake,background_blur,84,84,True,True,True,83,25.291383743286133,22.532039642333984,-2.7593441009521484,0.9612860083580017,0.8766359686851501,0.6666666666666666,0,A,micro_finetune_lambda_0p1.pth,84,False
4932,85,085.Horned_Lark,background_blur,85,85,True,True,True,84,29.93787384033203,30.652565002441406,0.714691162109375,0.9555844664573669,0.9380197525024414,0.8367346938775511,0,A,micro_finetune_lambda_0p1.pth,85,False
4962,85,085.Horned_Lark,background_blur,85,85,True,True,True,84,12.94598388671875,27.666297912597656,14.720314025878906,0.9259451627731323,0.8714232444763184,0.6888888888888889,0,A,micro_finetune_lambda_0p1.pth,85,False
4978,86,086.Pacific_Loon,background_blur,86,86,True,True,True,85,2.849149703979492,3.59413480758667,0.7449851036071777,0.935691237449646,0.8233909010887146,0.616,0,A,micro_finetune_lambda_0p1.pth,86,False
4966,86,086.Pacific_Loon,background_blur,86,53,True,False,False,85,13.678840637207031,-6.419673919677734,-20.098514556884766,0.7707894444465637,0.44491153955459595,0.39705882352941174,0,D,micro_finetune_lambda_0p1.pth,86,False
5077,87,087.Mallard,background_blur,87,87,True,True,True,86,23.393644332885742,20.95391845703125,-2.439725875854492,0.9840400218963623,0.9698805212974548,0.8579234972677595,0,A,micro_finetune_lambda_0p1.pth,87,False
5060,87,087.Mallard,background_blur,87,87,True,True,True,86,14.459875106811523,18.94340705871582,4.483531951904297,0.9496020674705505,0.9217421412467957,0.7757009345794392,0,A,micro_finetune_lambda_0p1.pth,87,False
5103,88,088.Western_Meadowlark,background_blur,88,88,True,True,True,87,28.082202911376953,29.26211929321289,1.1799163818359375,0.7175328135490417,0.6055787801742554,0.6744186046511628,0,B,micro_finetune_lambda_0p1.pth,88,False
5140,88,088.Western_Meadowlark,background_blur,88,88,True,True,True,87,31.15393829345703,30.47218894958496,-0.6817493438720703,0.9796620011329651,0.9711444973945618,0.8131868131868132,0,A,micro_finetune_lambda_0p1.pth,88,False
5156,89,089.Hooded_Merganser,background_blur,89,89,True,True,True,88,3.9625864028930664,21.56621551513672,17.603629112243652,0.9652180671691895,0.8776115775108337,0.4671814671814672,0,B,micro_finetune_lambda_0p1.pth,89,False
5150,89,089.Hooded_Merganser,background_blur,89,89,True,True,True,88,27.25771713256836,29.92054557800293,2.6628284454345703,0.9667724370956421,0.9124969840049744,0.484375,0,B,micro_finetune_lambda_0p1.pth,89,False
5218,90,090.Red_breasted_Merganser,background_blur,90,90,True,True,True,89,11.629575729370117,14.605952262878418,2.976376533508301,0.963175356388092,0.8829054832458496,0.5833333333333334,0,A,micro_finetune_lambda_0p1.pth,90,False
5228,90,090.Red_breasted_Merganser,background_blur,90,90,True,True,True,89,22.307022094726562,22.055496215820312,-0.25152587890625,0.9679238796234131,0.8552846908569336,0.6425531914893617,0,A,micro_finetune_lambda_0p1.pth,90,False
5311,91,091.Mockingbird,background_blur,91,91,True,True,True,90,28.475025177001953,27.68804168701172,-0.7869834899902344,0.903749406337738,0.8114240169525146,0.6170212765957447,0,A,micro_finetune_lambda_0p1.pth,91,False
5293,91,091.Mockingbird,background_blur,91,91,True,True,True,90,21.461185455322266,17.09280014038086,-4.368385314941406,0.9827526211738586,0.9618902206420898,0.8652849740932642,0,A,micro_finetune_lambda_0p1.pth,91,False
5377,92,092.Nighthawk,background_blur,92,92,True,True,True,91,3.3287346363067627,0.6240073442459106,-2.704727292060852,0.9821776747703552,0.9474622011184692,0.8285714285714286,0,A,micro_finetune_lambda_0p1.pth,92,False
5372,92,092.Nighthawk,background_blur,92,92,True,True,True,91,23.34248161315918,23.858253479003906,0.5157718658447266,0.9768379926681519,0.9113569855690002,0.7582417582417582,0,A,micro_finetune_lambda_0p1.pth,92,False
5387,93,093.Clark_Nutcracker,background_blur,93,93,True,True,True,92,21.35192108154297,16.460172653198242,-4.891748428344727,0.6687288284301758,0.39061757922172546,0.4351851851851852,0,B,micro_finetune_lambda_0p1.pth,93,False
5407,93,093.Clark_Nutcracker,background_blur,93,93,True,True,True,92,25.37912368774414,24.749481201171875,-0.6296424865722656,0.938534140586853,0.89372318983078,0.7258883248730964,0,A,micro_finetune_lambda_0p1.pth,93,False
5478,94,094.White_breasted_Nuthatch,background_blur,94,94,True,True,True,93,23.875228881835938,25.56076431274414,1.6855354309082031,0.9898235201835632,0.9823548197746277,0.8009478672985783,0,A,micro_finetune_lambda_0p1.pth,94,False
5456,94,094.White_breasted_Nuthatch,background_blur,94,94,True,True,True,93,10.238901138305664,11.421916961669922,1.1830158233642578,0.9585689902305603,0.9314746856689453,0.7801047120418848,0,A,micro_finetune_lambda_0p1.pth,94,False
5552,95,095.Baltimore_Oriole,background_blur,95,95,True,True,True,94,19.492778778076172,20.60588836669922,1.1131095886230469,0.9518769979476929,0.9402347207069397,0.5702479338842975,0,A,micro_finetune_lambda_0p1.pth,95,False
5529,95,095.Baltimore_Oriole,background_blur,95,95,True,True,True,94,18.406875610351562,19.003192901611328,0.5963172912597656,0.9950767755508423,0.9925488233566284,0.8719211822660099,0,A,micro_finetune_lambda_0p1.pth,95,False
5622,96,096.Hooded_Oriole,background_blur,96,96,True,True,True,95,10.017364501953125,12.705759048461914,2.688394546508789,0.9891924858093262,0.9830121397972107,0.9463087248322147,0,A,micro_finetune_lambda_0p1.pth,96,False
5623,96,096.Hooded_Oriole,background_blur,96,96,True,True,True,95,12.973026275634766,9.625465393066406,-3.3475608825683594,0.9088338613510132,0.8792397379875183,0.5637860082304527,0,A,micro_finetune_lambda_0p1.pth,96,False
5659,97,097.Orchard_Oriole,background_blur,97,97,True,True,True,96,7.081264495849609,8.596195220947266,1.5149307250976562,0.9902336597442627,0.9852524995803833,0.9289340101522843,0,A,micro_finetune_lambda_0p1.pth,97,False
5665,97,097.Orchard_Oriole,background_blur,97,97,True,True,True,96,29.864131927490234,28.679237365722656,-1.1848945617675781,0.9651563167572021,0.9542452692985535,0.798941798941799,0,A,micro_finetune_lambda_0p1.pth,97,False
5692,98,098.Scott_Oriole,background_blur,98,98,True,True,True,97,24.246912002563477,24.185779571533203,-0.06113243103027344,0.9825680255889893,0.9627935290336609,0.7511520737327189,0,A,micro_finetune_lambda_0p1.pth,98,False
5742,98,098.Scott_Oriole,background_blur,98,98,True,True,True,97,24.78093719482422,25.076663970947266,0.2957267761230469,0.9909985661506653,0.9862226843833923,0.7194570135746606,0,A,micro_finetune_lambda_0p1.pth,98,False
5775,99,099.Ovenbird,background_blur,99,99,True,True,True,98,14.314173698425293,19.442676544189453,5.12850284576416,0.9572140574455261,0.8389995694160461,0.5343915343915344,0,A,micro_finetune_lambda_0p1.pth,99,False
5767,99,099.Ovenbird,background_blur,99,99,True,True,True,98,24.31328582763672,24.775177001953125,0.46189117431640625,0.9459035396575928,0.8232579827308655,0.6666666666666666,0,A,micro_finetune_lambda_0p1.pth,99,False
5847,100,100.Brown_Pelican,background_blur,100,100,True,True,True,99,12.821802139282227,13.785390853881836,0.9635887145996094,0.9936301708221436,0.9906522035598755,0.9095477386934674,0,A,micro_finetune_lambda_0p1.pth,100,False
5816,100,100.Brown_Pelican,background_blur,100,100,True,True,True,99,28.847579956054688,30.107341766357422,1.2597618103027344,0.973236620426178,0.9656323194503784,0.8905472636815921,0,A,micro_finetune_lambda_0p1.pth,100,False
5907,101,101.White_Pelican,background_blur,101,101,True,True,True,100,25.420703887939453,25.582870483398438,0.16216659545898438,0.9956585764884949,0.9925665855407715,0.9689119170984456,0,A,micro_finetune_lambda_0p1.pth,101,False
5884,101,101.White_Pelican,background_blur,101,101,True,True,True,100,27.11720085144043,29.987796783447266,2.870595932006836,0.9715081453323364,0.9640040993690491,0.8902439024390244,0,A,micro_finetune_lambda_0p1.pth,101,False
5924,102,102.Western_Wood_Pewee,background_blur,102,103,True,False,False,101,6.928799152374268,-0.41308748722076416,-7.341886639595032,0.3105226159095764,0.14088724553585052,0.5432098765432098,0,D,micro_finetune_lambda_0p1.pth,102,False
5917,102,102.Western_Wood_Pewee,background_blur,102,102,True,True,True,101,27.855663299560547,23.02679443359375,-4.828868865966797,0.7708669900894165,0.657511293888092,0.6243654822335025,0,B,micro_finetune_lambda_0p1.pth,102,False
6016,103,103.Sayornis,background_blur,103,103,True,True,True,102,12.172733306884766,15.979009628295898,3.806276321411133,0.9547779560089111,0.9221951961517334,0.6915422885572139,0,A,micro_finetune_lambda_0p1.pth,103,False
6032,103,103.Sayornis,background_blur,103,103,True,True,True,102,16.515987396240234,2.2995502948760986,-14.216437101364136,0.8359646201133728,0.7765252590179443,0.6888888888888889,0,B,micro_finetune_lambda_0p1.pth,103,False
6038,104,104.American_Pipit,background_blur,104,120,True,False,False,103,8.580669403076172,-5.039191722869873,-13.619861125946045,0.9253353476524353,0.7036450505256653,0.4166666666666667,0,D,micro_finetune_lambda_0p1.pth,104,False
6055,104,104.American_Pipit,background_blur,115,119,False,False,False,114,3.0544958114624023,-3.220381736755371,-6.274877548217773,0.7999392151832581,0.6171983480453491,0.4953271028037383,0,D,micro_finetune_lambda_0p1.pth,104,True
6098,105,105.Whip_poor_Will,background_blur,105,105,True,True,True,104,13.277535438537598,18.846107482910156,5.568572044372559,0.9367814064025879,0.7632338404655457,0.5384615384615384,0,A,micro_finetune_lambda_0p1.pth,105,False
6141,105,105.Whip_poor_Will,background_blur,105,105,True,True,True,104,20.748746871948242,18.507596969604492,-2.24114990234375,0.9763025641441345,0.9249475002288818,0.7194570135746606,0,A,micro_finetune_lambda_0p1.pth,105,False
6152,106,106.Horned_Puffin,background_blur,106,106,True,True,True,105,28.531234741210938,26.811119079589844,-1.7201156616210938,0.904080331325531,0.6740127205848694,0.4022140221402214,0,B,micro_finetune_lambda_0p1.pth,106,False
6148,106,106.Horned_Puffin,background_blur,106,106,True,True,True,105,15.95370864868164,17.786029815673828,1.8323211669921875,0.8850696682929993,0.6656746864318848,0.49606299212598426,0,B,micro_finetune_lambda_0p1.pth,106,False
6225,107,107.Common_Raven,background_blur,107,107,True,True,True,106,3.982008457183838,6.296713352203369,2.3147048950195312,0.9766502380371094,0.9529128074645996,0.7272727272727273,0,A,micro_finetune_lambda_0p1.pth,107,False
6212,107,107.Common_Raven,background_blur,107,108,True,False,False,106,10.028971672058105,-21.882938385009766,-31.91191005706787,0.828067421913147,0.8005598783493042,0.4222222222222222,0,D,micro_finetune_lambda_0p1.pth,107,False
6308,108,108.White_necked_Raven,background_blur,108,108,True,True,True,107,16.14206886291504,20.81401252746582,4.671943664550781,0.8903766870498657,0.8621430397033691,0.44680851063829785,0,B,micro_finetune_lambda_0p1.pth,108,False
6266,108,108.White_necked_Raven,background_blur,108,107,True,False,False,107,2.357973575592041,-1.425097107887268,-3.783070683479309,0.9726204872131348,0.9637024402618408,0.8095238095238095,0,C,micro_finetune_lambda_0p1.pth,108,False
6380,109,109.American_Redstart,background_blur,109,109,True,True,True,108,19.616233825683594,16.419082641601562,-3.1971511840820312,0.9706825017929077,0.9449074268341064,0.8905472636815921,0,A,micro_finetune_lambda_0p1.pth,109,False
6344,109,109.American_Redstart,background_blur,109,109,True,True,True,108,28.631793975830078,28.45631980895996,-0.1754741668701172,0.9735475778579712,0.9409765601158142,0.8446601941747572,0,A,micro_finetune_lambda_0p1.pth,109,False
6389,110,110.Geococcyx,background_blur,110,110,True,True,True,109,22.85025405883789,24.45987892150879,1.6096248626708984,0.9631151556968689,0.9325441122055054,0.6587677725118484,0,A,micro_finetune_lambda_0p1.pth,110,False
6419,110,110.Geococcyx,background_blur,110,110,True,True,True,109,19.980438232421875,18.542255401611328,-1.4381828308105469,0.9379914999008179,0.6964486241340637,0.5887850467289719,0,A,micro_finetune_lambda_0p1.pth,110,False
6454,111,111.Loggerhead_Shrike,background_blur,111,111,True,True,True,110,23.89337158203125,23.323062896728516,-0.5703086853027344,0.9591671824455261,0.9179232716560364,0.7679558011049724,0,A,micro_finetune_lambda_0p1.pth,111,False
6451,111,111.Loggerhead_Shrike,background_blur,111,112,True,False,False,110,19.66637420654297,-7.254483222961426,-26.920857429504395,0.7611865401268005,0.6605876684188843,0.5261044176706827,0,D,micro_finetune_lambda_0p1.pth,111,False
6521,112,112.Great_Grey_Shrike,background_blur,112,112,True,True,True,111,10.968478202819824,9.578900337219238,-1.389577865600586,0.9795054197311401,0.9593473672866821,0.7857142857142857,0,A,micro_finetune_lambda_0p1.pth,112,False
6541,112,112.Great_Grey_Shrike,background_blur,112,112,True,True,True,111,15.013046264648438,18.256999969482422,3.2439537048339844,0.817215621471405,0.7468288540840149,0.5163934426229508,0,B,micro_finetune_lambda_0p1.pth,112,False
6579,113,113.Baird_Sparrow,background_blur,113,113,True,True,True,112,19.699321746826172,26.75112533569336,7.0518035888671875,0.9682256579399109,0.8087677359580994,0.5178571428571429,0,A,micro_finetune_lambda_0p1.pth,113,False
6595,113,113.Baird_Sparrow,background_blur,113,113,True,True,True,112,22.24217414855957,9.651031494140625,-12.591142654418945,0.9761125445365906,0.8346927762031555,0.5546218487394958,0,A,micro_finetune_lambda_0p1.pth,113,False
6613,114,114.Black_throated_Sparrow,background_blur,114,114,True,True,True,113,27.11788558959961,30.86956024169922,3.7516746520996094,0.9404392242431641,0.8016064167022705,0.52,0,A,micro_finetune_lambda_0p1.pth,114,False
6665,114,114.Black_throated_Sparrow,background_blur,114,114,True,True,True,113,25.60171890258789,26.37063217163086,0.7689132690429688,0.880984902381897,0.6755586862564087,0.4953271028037383,0,B,micro_finetune_lambda_0p1.pth,114,False
6707,115,115.Brewer_Sparrow,background_blur,115,115,True,True,True,114,24.433027267456055,17.691165924072266,-6.741861343383789,0.7866210341453552,0.45304447412490845,0.37681159420289856,0,B,micro_finetune_lambda_0p1.pth,115,False
6693,115,115.Brewer_Sparrow,background_blur,115,115,True,True,True,114,26.66547966003418,25.991329193115234,-0.6741504669189453,0.8021302223205566,0.57647305727005,0.5384615384615384,0,B,micro_finetune_lambda_0p1.pth,115,False
6750,116,116.Chipping_Sparrow,background_blur,116,116,True,True,True,115,19.53271484375,25.800153732299805,6.267438888549805,0.9016568660736084,0.8191412091255188,0.5813953488372093,0,A,micro_finetune_lambda_0p1.pth,116,False
6748,116,116.Chipping_Sparrow,background_blur,116,116,True,True,True,115,13.840057373046875,19.052793502807617,5.212736129760742,0.8498993515968323,0.647542417049408,0.5384615384615384,0,B,micro_finetune_lambda_0p1.pth,116,False
6842,117,117.Clay_colored_Sparrow,background_blur,117,117,True,True,True,116,13.656065940856934,10.239801406860352,-3.416264533996582,0.707030713558197,0.5530906319618225,0.6267942583732058,0,B,micro_finetune_lambda_0p1.pth,117,False
6844,117,117.Clay_colored_Sparrow,background_blur,117,117,True,True,True,116,16.88469696044922,19.404109954833984,2.5194129943847656,0.791323184967041,0.6033048033714294,0.6129032258064516,0,B,micro_finetune_lambda_0p1.pth,117,False
6881,118,118.House_Sparrow,background_blur,118,118,True,True,True,117,11.799259185791016,20.934677124023438,9.135417938232422,0.9562710523605347,0.8810056447982788,0.5909090909090909,0,A,micro_finetune_lambda_0p1.pth,118,False
6855,118,118.House_Sparrow,background_blur,118,118,True,True,True,117,8.116313934326172,13.95471477508545,5.838400840759277,0.9133829474449158,0.7674033641815186,0.5767634854771784,0,A,micro_finetune_lambda_0p1.pth,118,False
6966,119,119.Field_Sparrow,background_blur,119,119,True,True,True,118,24.27120590209961,23.327106475830078,-0.9440994262695312,0.9829025268554688,0.9537700414657593,0.8620689655172413,0,A,micro_finetune_lambda_0p1.pth,119,False
6936,119,119.Field_Sparrow,background_blur,119,119,True,True,True,118,28.037025451660156,24.81385040283203,-3.223175048828125,0.9821633100509644,0.96470046043396,0.8848167539267016,0,A,micro_finetune_lambda_0p1.pth,119,False
7018,120,120.Fox_Sparrow,background_blur,120,120,True,True,True,119,15.92671012878418,19.61434555053711,3.6876354217529297,0.9327476024627686,0.7811354398727417,0.6470588235294118,0,A,micro_finetune_lambda_0p1.pth,120,False
7026,120,120.Fox_Sparrow,background_blur,120,120,True,True,True,119,23.947410583496094,24.79693603515625,0.8495254516601562,0.9529754519462585,0.8490821123123169,0.7283950617283951,0,A,micro_finetune_lambda_0p1.pth,120,False
7064,121,121.Grasshopper_Sparrow,background_blur,121,121,True,True,True,120,16.432392120361328,19.710289001464844,3.2778968811035156,0.954444408416748,0.7476646304130554,0.4673913043478261,0,B,micro_finetune_lambda_0p1.pth,121,False
7067,121,121.Grasshopper_Sparrow,background_blur,121,121,True,True,True,120,5.830343246459961,14.397357940673828,8.567014694213867,0.9494141340255737,0.8546174764633179,0.6101694915254238,0,A,micro_finetune_lambda_0p1.pth,121,False
7105,122,122.Harris_Sparrow,background_blur,122,122,True,True,True,121,28.90924644470215,14.122759819030762,-14.786486625671387,0.9108856916427612,0.6693828701972961,0.4077669902912621,0,B,micro_finetune_lambda_0p1.pth,122,False
7112,122,122.Harris_Sparrow,background_blur,122,120,True,False,False,121,15.058834075927734,-0.5180144309997559,-15.57684850692749,0.7838815450668335,0.46313244104385376,0.4049586776859504,0,D,micro_finetune_lambda_0p1.pth,122,False
7199,123,123.Henslow_Sparrow,background_blur,123,123,True,True,True,122,0.9986600875854492,4.654931545257568,3.656271457672119,0.876206636428833,0.6825294494628906,0.5789473684210527,0,B,micro_finetune_lambda_0p1.pth,123,False
7160,123,123.Henslow_Sparrow,background_blur,123,123,True,True,True,122,8.570484161376953,22.37356185913086,13.803077697753906,0.8971150517463684,0.6440268158912659,0.34099616858237547,0,B,micro_finetune_lambda_0p1.pth,123,False
7240,124,124.Le_Conte_Sparrow,background_blur,124,124,True,True,True,123,24.38475227355957,21.947120666503906,-2.437631607055664,0.9412767887115479,0.7590680122375488,0.5492957746478874,0,A,micro_finetune_lambda_0p1.pth,124,False
7228,124,124.Le_Conte_Sparrow,background_blur,124,124,True,True,True,123,2.6738758087158203,5.781292915344238,3.107417106628418,0.9836176037788391,0.964571475982666,0.8556701030927835,0,A,micro_finetune_lambda_0p1.pth,124,False
7271,125,125.Lincoln_Sparrow,background_blur,125,125,True,True,True,124,21.436824798583984,19.0051326751709,-2.431692123413086,0.9020628929138184,0.7333943247795105,0.49572649572649574,0,B,micro_finetune_lambda_0p1.pth,125,False
7321,125,125.Lincoln_Sparrow,background_blur,125,125,True,True,True,124,20.415912628173828,8.19556713104248,-12.220345497131348,0.9462159276008606,0.7848337888717651,0.49572649572649574,0,B,micro_finetune_lambda_0p1.pth,125,False
7346,126,126.Nelson_Sharp_tailed_Sparrow,background_blur,128,150,False,False,False,127,0.3655719757080078,-1.1847236156463623,-1.5502955913543701,0.9662308692932129,0.8724660873413086,0.5238095238095238,0,C,micro_finetune_lambda_0p1.pth,126,True
7374,126,126.Nelson_Sharp_tailed_Sparrow,background_blur,126,126,True,True,True,125,12.212136268615723,8.847689628601074,-3.3644466400146484,0.9255713820457458,0.6570931673049927,0.5246636771300448,0,A,micro_finetune_lambda_0p1.pth,126,False
7400,127,127.Savannah_Sparrow,background_blur,127,127,True,True,True,126,21.018024444580078,22.473094940185547,1.4550704956054688,0.8868462443351746,0.7638723850250244,0.5966386554621849,0,B,micro_finetune_lambda_0p1.pth,127,False
7388,127,127.Savannah_Sparrow,background_blur,127,127,True,True,True,126,17.285831451416016,18.695096969604492,1.4092655181884766,0.9365346431732178,0.8820670247077942,0.7431192660550459,0,A,micro_finetune_lambda_0p1.pth,127,False
7463,128,128.Seaside_Sparrow,background_blur,128,128,True,True,True,127,21.208271026611328,21.616050720214844,0.4077796936035156,0.925595760345459,0.5605872273445129,0.3333333333333333,0,B,micro_finetune_lambda_0p1.pth,128,False
7454,128,128.Seaside_Sparrow,background_blur,128,128,True,True,True,127,26.617767333984375,26.968042373657227,0.35027503967285156,0.8780354857444763,0.3688367009162903,0.3103448275862069,0,B,micro_finetune_lambda_0p1.pth,128,False
7518,129,129.Song_Sparrow,background_blur,129,129,True,True,True,128,10.994793891906738,8.468521118164062,-2.526272773742676,0.8846250772476196,0.675722062587738,0.42435424354243545,0,B,micro_finetune_lambda_0p1.pth,129,False
7532,129,129.Song_Sparrow,background_blur,129,129,True,True,True,128,19.028907775878906,18.74248504638672,-0.2864227294921875,0.9680749177932739,0.9228271842002869,0.8633540372670807,0,A,micro_finetune_lambda_0p1.pth,129,False
7589,130,130.Tree_Sparrow,background_blur,130,130,True,True,True,129,9.181196212768555,11.946805953979492,2.7656097412109375,0.8852478265762329,0.770097017288208,0.39194139194139194,0,B,micro_finetune_lambda_0p1.pth,130,False
7606,130,130.Tree_Sparrow,background_blur,130,130,True,True,True,129,12.072061538696289,22.6125431060791,10.540481567382812,0.8443303108215332,0.6464481353759766,0.44876325088339225,0,B,micro_finetune_lambda_0p1.pth,130,False
7674,131,131.Vesper_Sparrow,background_blur,131,131,True,True,True,130,15.863014221191406,13.36611270904541,-2.496901512145996,0.917262613773346,0.7655208110809326,0.6,0,A,micro_finetune_lambda_0p1.pth,131,False
7640,131,131.Vesper_Sparrow,background_blur,131,131,True,True,True,130,13.460765838623047,1.792712688446045,-11.668053150177002,0.9610868096351624,0.9354878664016724,0.8232044198895028,0,A,micro_finetune_lambda_0p1.pth,131,False
7693,132,132.White_crowned_Sparrow,background_blur,132,132,True,True,True,131,21.249713897705078,21.169118881225586,-0.08059501647949219,0.957817554473877,0.8004179000854492,0.532258064516129,0,A,micro_finetune_lambda_0p1.pth,132,False
7730,132,132.White_crowned_Sparrow,background_blur,132,132,True,True,True,131,18.395084381103516,17.710256576538086,-0.6848278045654297,0.963187575340271,0.8525286316871643,0.6170212765957447,0,A,micro_finetune_lambda_0p1.pth,132,False
7783,133,133.White_throated_Sparrow,background_blur,133,133,True,True,True,132,27.118200302124023,27.011240005493164,-0.10696029663085938,0.918962836265564,0.6775978803634644,0.3087248322147651,0,B,micro_finetune_lambda_0p1.pth,133,False
7753,133,133.White_throated_Sparrow,background_blur,133,133,True,True,True,132,17.4388427734375,20.741954803466797,3.303112030029297,0.9617682695388794,0.8098211288452148,0.48514851485148514,0,B,micro_finetune_lambda_0p1.pth,133,False
7849,134,134.Cape_Glossy_Starling,background_blur,134,134,True,True,True,133,15.524860382080078,18.351116180419922,2.8262557983398438,0.9856286644935608,0.9820184707641602,0.7,0,A,micro_finetune_lambda_0p1.pth,134,False
7839,134,134.Cape_Glossy_Starling,background_blur,134,134,True,True,True,133,15.198979377746582,15.88330364227295,0.6843242645263672,0.9952929615974426,0.99383145570755,0.8681318681318682,0,A,micro_finetune_lambda_0p1.pth,134,False
7918,135,135.Bank_Swallow,background_blur,135,135,True,True,True,134,5.805771350860596,15.37704086303711,9.571269512176514,0.8366646766662598,0.7031908631324768,0.5740740740740741,0,B,micro_finetune_lambda_0p1.pth,135,False
7888,135,135.Bank_Swallow,background_blur,135,135,True,True,True,134,28.259822845458984,26.323383331298828,-1.9364395141601562,0.8796378970146179,0.7974404096603394,0.532258064516129,0,B,micro_finetune_lambda_0p1.pth,135,False
7978,136,136.Barn_Swallow,background_blur,136,136,True,True,True,135,30.00625991821289,29.17938995361328,-0.8268699645996094,0.8982799053192139,0.6402997970581055,0.4448669201520912,0,B,micro_finetune_lambda_0p1.pth,136,False
7981,136,136.Barn_Swallow,background_blur,136,136,True,True,True,135,20.315271377563477,20.059627532958984,-0.2556438446044922,0.8811832666397095,0.67439866065979,0.5454545454545454,0,B,micro_finetune_lambda_0p1.pth,136,False
8030,137,137.Cliff_Swallow,background_blur,137,137,True,True,True,136,13.60574722290039,27.485763549804688,13.880016326904297,0.934675931930542,0.8505224585533142,0.6170212765957447,0,A,micro_finetune_lambda_0p1.pth,137,False
7989,137,137.Cliff_Swallow,background_blur,137,137,True,True,True,136,8.194646835327148,7.195514678955078,-0.9991321563720703,0.9188067317008972,0.8777263760566711,0.457286432160804,0,B,micro_finetune_lambda_0p1.pth,137,False
8091,138,138.Tree_Swallow,background_blur,138,138,True,True,True,137,13.012480735778809,18.55868148803711,5.546200752258301,0.9868069291114807,0.9779928922653198,0.8905472636815921,0,A,micro_finetune_lambda_0p1.pth,138,False
8071,138,138.Tree_Swallow,background_blur,138,138,True,True,True,137,23.506132125854492,25.838022232055664,2.331890106201172,0.933867871761322,0.8912503123283386,0.6831683168316832,0,A,micro_finetune_lambda_0p1.pth,138,False
8164,139,139.Scarlet_Tanager,background_blur,139,139,True,True,True,138,23.2537841796875,21.841903686523438,-1.4118804931640625,0.9716116189956665,0.9565765857696533,0.8446601941747572,0,A,micro_finetune_lambda_0p1.pth,139,False
8122,139,139.Scarlet_Tanager,background_blur,139,139,True,True,True,138,28.090469360351562,28.16609764099121,0.07562828063964844,0.9782824516296387,0.9709851145744324,0.6744186046511628,0,A,micro_finetune_lambda_0p1.pth,139,False
8213,140,140.Summer_Tanager,background_blur,140,140,True,True,True,139,31.55141830444336,32.579322814941406,1.0279045104980469,0.9743047952651978,0.9714230895042419,0.9075144508670521,0,A,micro_finetune_lambda_0p1.pth,140,False
8207,140,140.Summer_Tanager,background_blur,140,140,True,True,True,139,31.105106353759766,30.84461212158203,-0.2604942321777344,0.9926902055740356,0.9918451905250549,0.7194570135746606,0,A,micro_finetune_lambda_0p1.pth,140,False
8246,141,141.Artic_Tern,background_blur,141,141,True,True,True,140,21.010051727294922,18.81015968322754,-2.199892044067383,0.947535514831543,0.9358196258544922,0.7511520737327189,0,A,micro_finetune_lambda_0p1.pth,141,False
8262,141,141.Artic_Tern,background_blur,141,141,True,True,True,140,24.012897491455078,24.051284790039062,0.038387298583984375,0.988527774810791,0.9865494966506958,0.9191919191919192,0,A,micro_finetune_lambda_0p1.pth,141,False
8293,142,142.Black_Tern,background_blur,142,142,True,True,True,141,12.388526916503906,15.025352478027344,2.6368255615234375,0.9883441925048828,0.979290783405304,0.8987341772151899,0,A,micro_finetune_lambda_0p1.pth,142,False
8298,142,142.Black_Tern,background_blur,142,142,True,True,True,141,19.90159034729004,16.600807189941406,-3.300783157348633,0.9607958793640137,0.946159303188324,0.7857142857142857,0,A,micro_finetune_lambda_0p1.pth,142,False
8389,143,143.Caspian_Tern,background_blur,143,143,True,True,True,142,24.651823043823242,21.41812515258789,-3.2336978912353516,0.9899315237998962,0.987221896648407,0.953125,0,A,micro_finetune_lambda_0p1.pth,143,False
8356,143,143.Caspian_Tern,background_blur,143,143,True,True,True,142,25.37337303161621,24.529603958129883,-0.8437690734863281,0.9817144274711609,0.975192129611969,0.9289340101522843,0,A,micro_finetune_lambda_0p1.pth,143,False
8446,144,144.Common_Tern,background_blur,144,144,True,True,True,143,18.522327423095703,12.787412643432617,-5.734914779663086,0.9832587838172913,0.9480989575386047,0.7194570135746606,0,A,micro_finetune_lambda_0p1.pth,144,False
8420,144,144.Common_Tern,background_blur,144,144,True,True,True,143,20.602153778076172,20.642162322998047,0.040008544921875,0.9773812294006348,0.958341121673584,0.5463917525773195,0,A,micro_finetune_lambda_0p1.pth,144,False
8509,145,145.Elegant_Tern,background_blur,145,145,True,True,True,144,12.796528816223145,17.86023712158203,5.063708305358887,0.9962038397789001,0.995352029800415,0.9791666666666666,0,A,micro_finetune_lambda_0p1.pth,145,False
8488,145,145.Elegant_Tern,background_blur,145,143,True,False,False,144,2.304828643798828,-11.838173866271973,-14.1430025100708,0.8207907676696777,0.7750884890556335,0.6410256410256411,0,D,micro_finetune_lambda_0p1.pth,145,False
8555,146,146.Forsters_Tern,background_blur,146,146,True,True,True,145,16.926876068115234,24.446165084838867,7.519289016723633,0.8203983902931213,0.6352103352546692,0.5163934426229508,0,B,micro_finetune_lambda_0p1.pth,146,False
8542,146,146.Forsters_Tern,background_blur,146,146,True,True,True,145,11.24050235748291,20.844009399414062,9.603507041931152,0.8936953544616699,0.7794705033302307,0.5315315315315315,0,B,micro_finetune_lambda_0p1.pth,146,False
8634,147,147.Least_Tern,background_blur,147,147,True,True,True,146,5.919074058532715,9.246234893798828,3.3271608352661133,0.9930697083473206,0.9907160997390747,0.9516908212560387,0,A,micro_finetune_lambda_0p1.pth,147,False
8595,147,147.Least_Tern,background_blur,147,147,True,True,True,146,27.031938552856445,26.425325393676758,-0.6066131591796875,0.9687480926513672,0.9585162997245789,0.8556701030927835,0,A,micro_finetune_lambda_0p1.pth,147,False
8680,148,148.Green_tailed_Towhee,background_blur,148,148,True,True,True,147,12.478225708007812,6.680123329162598,-5.798102378845215,0.9226793050765991,0.6724950671195984,0.524390243902439,0,A,micro_finetune_lambda_0p1.pth,148,False
8697,148,148.Green_tailed_Towhee,background_blur,148,148,True,True,True,147,14.361369132995605,1.5885515213012695,-12.772817611694336,0.5558908581733704,0.4039948582649231,0.5966386554621849,0,B,micro_finetune_lambda_0p1.pth,148,False
8739,149,149.Brown_Thrasher,background_blur,149,149,True,True,True,148,21.3142032623291,24.454835891723633,3.1406326293945312,0.914579451084137,0.8184814453125,0.7040358744394619,0,A,micro_finetune_lambda_0p1.pth,149,False
8713,149,149.Brown_Thrasher,background_blur,149,149,True,True,True,148,27.004901885986328,26.536380767822266,-0.4685211181640625,0.9389901161193848,0.9038745164871216,0.7368421052631579,0,A,micro_finetune_lambda_0p1.pth,149,False
8797,150,150.Sage_Thrasher,background_blur,150,150,True,True,True,149,27.200654983520508,23.37975311279297,-3.820901870727539,0.8750970363616943,0.7352743148803711,0.5454545454545454,0,B,micro_finetune_lambda_0p1.pth,150,False
8784,150,150.Sage_Thrasher,background_blur,150,150,True,True,True,149,29.072677612304688,28.304794311523438,-0.76788330078125,0.9869799613952637,0.9574346542358398,0.7679558011049724,0,A,micro_finetune_lambda_0p1.pth,150,False
8857,151,151.Black_capped_Vireo,background_blur,151,151,True,True,True,150,24.90481185913086,28.001951217651367,3.097139358520508,0.9483621716499329,0.9134342074394226,0.6972477064220184,0,A,micro_finetune_lambda_0p1.pth,151,False
8846,151,151.Black_capped_Vireo,background_blur,151,151,True,True,True,150,11.46452522277832,8.489742279052734,-2.974782943725586,0.9122259616851807,0.8759363889694214,0.4559386973180077,0,B,micro_finetune_lambda_0p1.pth,151,False
8921,152,152.Blue_headed_Vireo,background_blur,152,152,True,True,True,151,22.193721771240234,9.950353622436523,-12.243368148803711,0.8160367608070374,0.6137554049491882,0.4728682170542636,0,B,micro_finetune_lambda_0p1.pth,152,False
8932,152,152.Blue_headed_Vireo,background_blur,152,152,True,True,True,151,10.298498153686523,22.941030502319336,12.642532348632812,0.6727144718170166,0.4725148677825928,0.4230769230769231,0,B,micro_finetune_lambda_0p1.pth,152,False
8976,153,153.Philadelphia_Vireo,background_blur,153,153,True,True,True,152,26.251012802124023,29.76021385192871,3.5092010498046875,0.9477898478507996,0.8959156274795532,0.7535545023696683,0,A,micro_finetune_lambda_0p1.pth,153,False
8956,153,153.Philadelphia_Vireo,background_blur,155,153,False,True,False,154,0.14529037475585938,-10.302921295166016,-10.448211669921875,0.8558686971664429,0.6823306083679199,0.4772727272727273,0,D,micro_finetune_lambda_0p1.pth,153,True
8998,154,154.Red_eyed_Vireo,background_blur,154,154,True,True,True,153,25.443588256835938,24.612934112548828,-0.8306541442871094,0.9382352828979492,0.9084425568580627,0.6033755274261603,0,A,micro_finetune_lambda_0p1.pth,154,False
9033,154,154.Red_eyed_Vireo,background_blur,154,154,True,True,True,153,31.048114776611328,31.485721588134766,0.4376068115234375,0.9642713665962219,0.937772810459137,0.8181818181818182,0,A,micro_finetune_lambda_0p1.pth,154,False
9095,155,155.Warbling_Vireo,background_blur,155,155,True,True,True,154,26.175792694091797,24.757015228271484,-1.4187774658203125,0.895845890045166,0.822209894657135,0.6888888888888889,0,B,micro_finetune_lambda_0p1.pth,155,False
9111,155,155.Warbling_Vireo,background_blur,155,155,True,True,True,154,22.919933319091797,10.30703067779541,-12.612902641296387,0.9035711884498596,0.85971599817276,0.5447154471544715,0,A,micro_finetune_lambda_0p1.pth,155,False
9127,156,156.White_eyed_Vireo,background_blur,156,156,True,True,True,155,13.574543952941895,20.086936950683594,6.512392997741699,0.9518293738365173,0.8842982649803162,0.7452830188679245,0,A,micro_finetune_lambda_0p1.pth,156,False
9159,156,156.White_eyed_Vireo,background_blur,156,156,True,True,True,155,21.75582504272461,22.613462448120117,0.8576374053955078,0.9504125118255615,0.887181282043457,0.5767634854771784,0,A,micro_finetune_lambda_0p1.pth,156,False
9229,157,157.Yellow_throated_Vireo,background_blur,157,157,True,True,True,156,13.646663665771484,4.894532203674316,-8.752131462097168,0.9331220388412476,0.9246121644973755,0.6071428571428571,0,A,micro_finetune_lambda_0p1.pth,157,False
9217,157,157.Yellow_throated_Vireo,background_blur,157,157,True,True,True,156,19.974416732788086,23.082624435424805,3.1082077026367188,0.7864952087402344,0.6495226621627808,0.4462809917355372,0,B,micro_finetune_lambda_0p1.pth,157,False
9250,158,158.Bay_breasted_Warbler,background_blur,158,158,True,True,True,157,30.398353576660156,28.32779312133789,-2.0705604553222656,0.934622585773468,0.846439778804779,0.6842105263157895,0,A,micro_finetune_lambda_0p1.pth,158,False
9239,158,158.Bay_breasted_Warbler,background_blur,158,158,True,True,True,157,19.80161476135254,14.687747955322266,-5.113866806030273,0.8843264579772949,0.6694565415382385,0.4074074074074074,0,B,micro_finetune_lambda_0p1.pth,158,False
9343,159,159.Black_and_white_Warbler,background_blur,159,159,True,True,True,158,0.38064098358154297,3.2114028930664062,2.8307619094848633,0.813673198223114,0.6967383027076721,0.4559386973180077,0,B,micro_finetune_lambda_0p1.pth,159,False
9334,159,159.Black_and_white_Warbler,background_blur,159,159,True,True,True,158,31.153697967529297,29.643024444580078,-1.5106735229492188,0.9817529916763306,0.9533304572105408,0.7587939698492462,0,A,micro_finetune_lambda_0p1.pth,159,False
9407,160,160.Black_throated_Blue_Warbler,background_blur,160,160,True,True,True,159,25.789880752563477,28.94409942626953,3.1542186737060547,0.9769323468208313,0.951524019241333,0.864406779661017,0,A,micro_finetune_lambda_0p1.pth,160,False
9377,160,160.Black_throated_Blue_Warbler,background_blur,160,160,True,True,True,159,20.792041778564453,30.580137252807617,9.788095474243164,0.954389750957489,0.9071123600006104,0.7777777777777778,0,A,micro_finetune_lambda_0p1.pth,160,False
9467,161,161.Blue_winged_Warbler,background_blur,161,161,True,True,True,160,18.343994140625,20.169424057006836,1.825429916381836,0.9926272034645081,0.9886320233345032,0.9,0,A,micro_finetune_lambda_0p1.pth,161,False
9466,161,161.Blue_winged_Warbler,background_blur,161,161,True,True,True,160,16.406368255615234,7.21113395690918,-9.195234298706055,0.3880947232246399,0.2857150137424469,0.4134275618374558,0,B,micro_finetune_lambda_0p1.pth,161,False
9472,162,162.Canada_Warbler,background_blur,162,162,True,True,True,161,11.857538223266602,14.518754959106445,2.6612167358398438,0.9767926335334778,0.9657634496688843,0.7112299465240641,0,A,micro_finetune_lambda_0p1.pth,162,False
9486,162,162.Canada_Warbler,background_blur,162,162,True,True,True,161,13.21590805053711,12.681011199951172,-0.5348968505859375,0.9966179132461548,0.9948436617851257,0.8716577540106952,0,A,micro_finetune_lambda_0p1.pth,162,False
9541,163,163.Cape_May_Warbler,background_blur,163,163,True,True,True,162,16.49720573425293,16.172998428344727,-0.3242073059082031,0.8356237411499023,0.6744698286056519,0.3229571984435798,0,B,micro_finetune_lambda_0p1.pth,163,False
9586,163,163.Cape_May_Warbler,background_blur,163,163,True,True,True,162,17.437969207763672,21.454734802246094,4.016765594482422,0.979953944683075,0.9755197763442993,0.36363636363636365,0,B,micro_finetune_lambda_0p1.pth,163,False
9602,164,164.Cerulean_Warbler,background_blur,164,164,True,True,True,163,33.22850036621094,34.56523132324219,1.33673095703125,0.9329274892807007,0.8217322826385498,0.6417910447761194,0,A,micro_finetune_lambda_0p1.pth,164,False
9599,164,164.Cerulean_Warbler,background_blur,164,164,True,True,True,163,24.03948402404785,31.10243797302246,7.062953948974609,0.6718064546585083,0.40482786297798157,0.2297734627831715,0,B,micro_finetune_lambda_0p1.pth,164,False
9692,165,165.Chestnut_sided_Warbler,background_blur,165,165,True,True,True,164,28.346057891845703,25.75244140625,-2.593616485595703,0.9713920950889587,0.9496703147888184,0.6170212765957447,0,A,micro_finetune_lambda_0p1.pth,165,False
9696,165,165.Chestnut_sided_Warbler,background_blur,165,165,True,True,True,164,23.489789962768555,19.677188873291016,-3.812601089477539,0.8942757844924927,0.7790718674659729,0.5833333333333334,0,B,micro_finetune_lambda_0p1.pth,165,False
9761,166,166.Golden_winged_Warbler,background_blur,166,166,True,True,True,165,29.828720092773438,26.83531951904297,-2.9934005737304688,0.9066229462623596,0.7926927804946899,0.6379310344827587,0,A,micro_finetune_lambda_0p1.pth,166,False
9744,166,166.Golden_winged_Warbler,background_blur,166,166,True,True,True,165,23.800012588500977,29.809234619140625,6.009222030639648,0.9471817016601562,0.8887068033218384,0.6822429906542056,0,A,micro_finetune_lambda_0p1.pth,166,False
9800,167,167.Hooded_Warbler,background_blur,167,167,True,True,True,166,13.09684944152832,15.279434204101562,2.182584762573242,0.9941451549530029,0.9920117855072021,0.9393939393939394,0,A,micro_finetune_lambda_0p1.pth,167,False
9807,167,167.Hooded_Warbler,background_blur,167,55,True,False,False,166,1.2107858657836914,-0.647089958190918,-1.8578758239746094,0.9916763305664062,0.9877539873123169,0.9402985074626866,0,C,micro_finetune_lambda_0p1.pth,167,False
9832,168,168.Kentucky_Warbler,background_blur,168,168,True,True,True,167,25.04882049560547,24.720653533935547,-0.3281669616699219,0.9886876940727234,0.9868150353431702,0.645021645021645,0,A,micro_finetune_lambda_0p1.pth,168,False
9872,168,168.Kentucky_Warbler,background_blur,168,168,True,True,True,167,30.221616744995117,28.38003158569336,-1.8415851593017578,0.9848666191101074,0.9804727435112,0.8888888888888888,0,A,micro_finetune_lambda_0p1.pth,168,False
9917,169,169.Magnolia_Warbler,background_blur,169,169,True,True,True,168,28.099477767944336,26.088947296142578,-2.010530471801758,0.9815424680709839,0.9723809957504272,0.6666666666666666,0,A,micro_finetune_lambda_0p1.pth,169,False
9891,169,169.Magnolia_Warbler,background_blur,169,169,True,True,True,168,23.336090087890625,22.7326602935791,-0.6034297943115234,0.991124153137207,0.9861870408058167,0.7117117117117117,0,A,micro_finetune_lambda_0p1.pth,169,False
9993,170,170.Mourning_Warbler,background_blur,170,170,True,True,True,169,21.533756256103516,21.475265502929688,-0.058490753173828125,0.9662749767303467,0.957667887210846,0.5702479338842975,0,A,micro_finetune_lambda_0p1.pth,170,False
9983,170,170.Mourning_Warbler,background_blur,170,170,True,True,True,169,27.775768280029297,25.112213134765625,-2.663555145263672,0.9566975831985474,0.9422793388366699,0.7021276595744681,0,A,micro_finetune_lambda_0p1.pth,170,False
10032,171,171.Myrtle_Warbler,background_blur,171,171,True,True,True,170,20.30841064453125,17.994264602661133,-2.314146041870117,0.9696233868598938,0.9375765919685364,0.8497109826589595,0,A,micro_finetune_lambda_0p1.pth,171,False
10048,171,171.Myrtle_Warbler,background_blur,171,171,True,True,True,170,22.638477325439453,19.49296760559082,-3.145509719848633,0.9501805901527405,0.9115378260612488,0.642512077294686,0,A,micro_finetune_lambda_0p1.pth,171,False
10110,172,172.Nashville_Warbler,background_blur,172,172,True,True,True,171,24.300119400024414,21.319469451904297,-2.980649948120117,0.9437340497970581,0.8936169743537903,0.6814159292035398,0,A,micro_finetune_lambda_0p1.pth,172,False
10069,172,172.Nashville_Warbler,background_blur,172,172,True,True,True,171,15.292076110839844,14.03251838684082,-1.2595577239990234,0.8164758682250977,0.7398738861083984,0.38848920863309355,0,B,micro_finetune_lambda_0p1.pth,172,False
10187,173,173.Orange_crowned_Warbler,background_blur,173,173,True,True,True,172,16.905548095703125,17.1308536529541,0.22530555725097656,0.9009853601455688,0.7189412117004395,0.6080402010050251,0,A,micro_finetune_lambda_0p1.pth,173,False
10164,173,173.Orange_crowned_Warbler,background_blur,173,179,True,False,False,172,3.0339221954345703,-6.226974010467529,-9.2608962059021,0.8813410401344299,0.4753800630569458,0.21673003802281368,0,D,micro_finetune_lambda_0p1.pth,173,False
10205,174,174.Palm_Warbler,background_blur,174,174,True,True,True,173,13.989791870117188,12.424615859985352,-1.565176010131836,0.9730952978134155,0.956298291683197,0.7511520737327189,0,A,micro_finetune_lambda_0p1.pth,174,False
10222,174,174.Palm_Warbler,background_blur,174,174,True,True,True,173,27.091697692871094,27.538707733154297,0.4470100402832031,0.9617588520050049,0.9138000011444092,0.7452830188679245,0,A,micro_finetune_lambda_0p1.pth,174,False
10257,175,175.Pine_Warbler,background_blur,175,175,True,True,True,174,13.248124122619629,19.38901710510254,6.14089298248291,0.9462833404541016,0.9228793978691101,0.5289256198347108,0,A,micro_finetune_lambda_0p1.pth,175,False
10279,175,175.Pine_Warbler,background_blur,175,175,True,True,True,174,10.562662124633789,18.017578125,7.454916000366211,0.9911617636680603,0.9835466146469116,0.7733990147783252,0,A,micro_finetune_lambda_0p1.pth,175,False
10320,176,176.Prairie_Warbler,background_blur,176,176,True,True,True,175,25.33788299560547,23.063575744628906,-2.2743072509765625,0.9892077445983887,0.9839702248573303,0.7924528301886793,0,A,micro_finetune_lambda_0p1.pth,176,False
10358,176,176.Prairie_Warbler,background_blur,176,176,True,True,True,175,22.601234436035156,19.35222625732422,-3.2490081787109375,0.9717400670051575,0.9639731645584106,0.7129629629629629,0,A,micro_finetune_lambda_0p1.pth,176,False
10385,177,177.Prothonotary_Warbler,background_blur,177,177,True,True,True,176,21.456634521484375,21.441883087158203,-0.014751434326171875,0.9984078407287598,0.9976611137390137,0.8987341772151899,0,A,micro_finetune_lambda_0p1.pth,177,False
10387,177,177.Prothonotary_Warbler,background_blur,177,177,True,True,True,176,9.28857135772705,5.7806878089904785,-3.5078835487365723,0.9639669060707092,0.937250018119812,0.7326732673267327,0,A,micro_finetune_lambda_0p1.pth,177,False
10475,178,178.Swainson_Warbler,background_blur,178,178,True,True,True,177,23.372692108154297,21.37603187561035,-1.9966602325439453,0.9374697208404541,0.8947169184684753,0.7194570135746606,0,A,micro_finetune_lambda_0p1.pth,178,False
10465,178,178.Swainson_Warbler,background_blur,178,178,True,True,True,177,17.336973190307617,22.898902893066406,5.561929702758789,0.9718722105026245,0.9360993504524231,0.6448598130841121,0,A,micro_finetune_lambda_0p1.pth,178,False
10494,179,179.Tennessee_Warbler,background_blur,179,179,True,True,True,178,14.095399856567383,1.2694430351257324,-12.82595682144165,0.8608731031417847,0.6829378008842468,0.4611872146118721,0,B,micro_finetune_lambda_0p1.pth,179,False
10529,179,179.Tennessee_Warbler,background_blur,148,98,False,False,False,147,0.4889869689941406,-4.779615879058838,-5.2686028480529785,0.3172208368778229,0.044046200811862946,0.27450980392156865,0,D,micro_finetune_lambda_0p1.pth,179,True
10568,180,180.Wilson_Warbler,background_blur,180,180,True,True,True,179,14.093975067138672,15.524412155151367,1.4304370880126953,0.9638656377792358,0.9557656049728394,0.6580310880829016,0,A,micro_finetune_lambda_0p1.pth,180,False
10576,180,180.Wilson_Warbler,background_blur,180,180,True,True,True,179,0.7827694416046143,2.8910818099975586,2.1083123683929443,0.9638192057609558,0.9415153861045837,0.784037558685446,0,A,micro_finetune_lambda_0p1.pth,180,False
10618,181,181.Worm_eating_Warbler,background_blur,181,181,True,True,True,180,22.843063354492188,25.76848793029785,2.925424575805664,0.9609100222587585,0.8797706365585327,0.6161616161616161,0,A,micro_finetune_lambda_0p1.pth,181,False
10621,181,181.Worm_eating_Warbler,background_blur,181,181,True,True,True,180,18.011661529541016,17.557872772216797,-0.45378875732421875,0.981246829032898,0.9569854736328125,0.7937219730941704,0,A,micro_finetune_lambda_0p1.pth,181,False
10671,182,182.Yellow_Warbler,background_blur,182,182,True,True,True,181,16.210247039794922,0.35830140113830566,-15.851945638656616,0.9331046342849731,0.9157259464263916,0.5686274509803921,0,A,micro_finetune_lambda_0p1.pth,182,False
10672,182,182.Yellow_Warbler,background_blur,182,182,True,True,True,181,13.447376251220703,2.021121025085449,-11.426255226135254,0.8224882483482361,0.7500927448272705,0.5311004784688995,0,B,micro_finetune_lambda_0p1.pth,182,False
10733,183,183.Northern_Waterthrush,background_blur,183,183,True,True,True,182,15.259432792663574,9.512946128845215,-5.746486663818359,0.845969557762146,0.501582682132721,0.3389121338912134,0,B,micro_finetune_lambda_0p1.pth,183,False
10740,183,183.Northern_Waterthrush,background_blur,183,183,True,True,True,182,2.758209705352783,4.382537841796875,1.6243281364440918,0.9084625244140625,0.8616859316825867,0.45161290322580644,0,B,micro_finetune_lambda_0p1.pth,183,False
10825,184,184.Louisiana_Waterthrush,background_blur,184,184,True,True,True,183,16.323802947998047,19.082765579223633,2.758962631225586,0.982149064540863,0.934505045413971,0.6589861751152074,0,A,micro_finetune_lambda_0p1.pth,184,False
10811,184,184.Louisiana_Waterthrush,background_blur,184,183,True,False,False,183,6.199238300323486,-5.777456760406494,-11.97669506072998,0.9024476408958435,0.5623033046722412,0.29533678756476683,0,D,micro_finetune_lambda_0p1.pth,184,False
10866,185,185.Bohemian_Waxwing,background_blur,185,185,True,True,True,184,14.863313674926758,9.584244728088379,-5.279068946838379,0.8930570483207703,0.7945806384086609,0.5111111111111111,0,B,micro_finetune_lambda_0p1.pth,185,False
10886,185,185.Bohemian_Waxwing,background_blur,185,185,True,True,True,184,32.12413024902344,34.30023956298828,2.1761093139648438,0.8313894271850586,0.7438729405403137,0.5510204081632653,0,B,micro_finetune_lambda_0p1.pth,185,False
10925,186,186.Cedar_Waxwing,background_blur,186,186,True,True,True,185,29.92391586303711,30.967981338500977,1.0440654754638672,0.8791378736495972,0.7884994149208069,0.6033755274261603,0,B,micro_finetune_lambda_0p1.pth,186,False
10911,186,186.Cedar_Waxwing,background_blur,186,186,True,True,True,185,19.49701690673828,25.441991806030273,5.944974899291992,0.9359358549118042,0.8745089173316956,0.6494845360824743,0,A,micro_finetune_lambda_0p1.pth,186,False
10981,187,187.American_Three_toed_Woodpecker,background_blur,187,187,True,True,True,186,22.35710906982422,23.797439575195312,1.4403305053710938,0.9744767546653748,0.9241702556610107,0.7857142857142857,0,A,micro_finetune_lambda_0p1.pth,187,False
10993,187,187.American_Three_toed_Woodpecker,background_blur,187,187,True,True,True,186,16.97323989868164,11.23349666595459,-5.739743232727051,0.9708185195922852,0.9394901394844055,0.7351598173515982,0,A,micro_finetune_lambda_0p1.pth,187,False
11039,188,188.Pileated_Woodpecker,background_blur,188,188,True,True,True,187,17.2488956451416,19.7347354888916,2.48583984375,0.8520970940589905,0.6777635216712952,0.4574898785425101,0,B,micro_finetune_lambda_0p1.pth,188,False
11066,188,188.Pileated_Woodpecker,background_blur,188,82,True,False,False,187,16.979236602783203,-0.1916961669921875,-17.17093276977539,0.8388510346412659,0.5212770700454712,0.3765182186234818,0,D,micro_finetune_lambda_0p1.pth,188,False
11115,189,189.Red_bellied_Woodpecker,background_blur,189,189,True,True,True,188,21.94870948791504,20.72235679626465,-1.2263526916503906,0.9660651683807373,0.9113185405731201,0.7307692307692307,0,A,micro_finetune_lambda_0p1.pth,189,False
11103,189,189.Red_bellied_Woodpecker,background_blur,189,189,True,True,True,188,24.899038314819336,23.982847213745117,-0.9161911010742188,0.9634319543838501,0.9099294543266296,0.7204301075268817,0,A,micro_finetune_lambda_0p1.pth,189,False
11136,190,190.Red_cockaded_Woodpecker,background_blur,190,190,True,True,True,189,21.97922134399414,20.271440505981445,-1.7077808380126953,0.9923304319381714,0.9704888463020325,0.7777777777777778,0,A,micro_finetune_lambda_0p1.pth,190,False
11142,190,190.Red_cockaded_Woodpecker,background_blur,190,190,True,True,True,189,18.334461212158203,19.861364364624023,1.5269031524658203,0.984378457069397,0.9248121976852417,0.6888888888888889,0,A,micro_finetune_lambda_0p1.pth,190,False
11241,191,191.Red_headed_Woodpecker,background_blur,185,185,False,False,True,184,0.7758369445800781,5.446454048156738,4.67061710357666,0.9706798791885376,0.9588242769241333,0.8404907975460123,0,A,micro_finetune_lambda_0p1.pth,191,True
11234,191,191.Red_headed_Woodpecker,background_blur,191,191,True,True,True,190,25.051237106323242,26.446592330932617,1.395355224609375,0.9358717203140259,0.8260399699211121,0.5584415584415584,0,A,micro_finetune_lambda_0p1.pth,191,False
11297,192,192.Downy_Woodpecker,background_blur,192,192,True,True,True,191,25.90338134765625,25.254600524902344,-0.6487808227539062,0.9660484790802002,0.9283490777015686,0.8181818181818182,0,A,micro_finetune_lambda_0p1.pth,192,False
11275,192,192.Downy_Woodpecker,background_blur,192,192,True,True,True,191,20.162109375,19.52406120300293,-0.6380481719970703,0.9722521901130676,0.9265329241752625,0.8280542986425339,0,A,micro_finetune_lambda_0p1.pth,192,False
11318,193,193.Bewick_Wren,background_blur,193,193,True,True,True,192,9.147661209106445,4.0576324462890625,-5.090028762817383,0.892119288444519,0.8167374730110168,0.5920398009950248,0,B,micro_finetune_lambda_0p1.pth,193,False
11329,193,193.Bewick_Wren,background_blur,193,193,True,True,True,192,7.2057719230651855,12.545148849487305,5.339376926422119,0.8385030627250671,0.7731691002845764,0.4403292181069959,0,B,micro_finetune_lambda_0p1.pth,193,False
11372,194,194.Cactus_Wren,background_blur,194,194,True,True,True,193,20.659603118896484,22.313432693481445,1.653829574584961,0.9702125191688538,0.9057378768920898,0.642512077294686,0,A,micro_finetune_lambda_0p1.pth,194,False
11402,194,194.Cactus_Wren,background_blur,194,194,True,True,True,193,23.208385467529297,20.481548309326172,-2.726837158203125,0.9779284000396729,0.9403356313705444,0.8279569892473119,0,A,micro_finetune_lambda_0p1.pth,194,False
11449,195,195.Carolina_Wren,background_blur,195,195,True,True,True,194,20.772817611694336,23.74441909790039,2.9716014862060547,0.9299036860466003,0.8018332123756409,0.5637860082304527,0,A,micro_finetune_lambda_0p1.pth,195,False
11472,195,195.Carolina_Wren,background_blur,195,195,True,True,True,194,24.33829116821289,20.878910064697266,-3.459381103515625,0.8370140194892883,0.5551925897598267,0.5023474178403756,0,B,micro_finetune_lambda_0p1.pth,195,False
11528,196,196.House_Wren,background_blur,196,196,True,True,True,195,11.007759094238281,4.367057800292969,-6.6407012939453125,0.7931178212165833,0.5605052709579468,0.452991452991453,0,B,micro_finetune_lambda_0p1.pth,196,False
11499,196,196.House_Wren,background_blur,196,196,True,True,True,195,9.42072582244873,6.248524188995361,-3.172201633453369,0.9529586434364319,0.8769323825836182,0.631578947368421,0,A,micro_finetune_lambda_0p1.pth,196,False
11592,197,197.Marsh_Wren,background_blur,197,197,True,True,True,196,15.977697372436523,7.90153694152832,-8.076160430908203,0.9600588083267212,0.9197831153869629,0.5833333333333334,0,A,micro_finetune_lambda_0p1.pth,197,False
11568,197,197.Marsh_Wren,background_blur,197,195,True,False,False,196,29.060749053955078,-8.810985565185547,-37.871734619140625,0.7625404596328735,0.6141151189804077,0.5019762845849802,0,D,micro_finetune_lambda_0p1.pth,197,False
11628,198,198.Rock_Wren,background_blur,198,198,True,True,True,197,32.210391998291016,32.56180953979492,0.35141754150390625,0.9179222583770752,0.8739422559738159,0.7241379310344828,0,A,micro_finetune_lambda_0p1.pth,198,False
11653,198,198.Rock_Wren,background_blur,198,198,True,True,True,197,31.990591049194336,33.661865234375,1.671274185180664,0.9746119976043701,0.9583239555358887,0.8536585365853658,0,A,micro_finetune_lambda_0p1.pth,198,False
11675,199,199.Winter_Wren,background_blur,199,199,True,True,True,198,24.25335693359375,23.204357147216797,-1.0489997863769531,0.8779346346855164,0.6916994452476501,0.48148148148148145,0,B,micro_finetune_lambda_0p1.pth,199,False
11692,199,199.Winter_Wren,background_blur,199,199,True,True,True,198,19.53432846069336,19.760074615478516,0.22574615478515625,0.9087819457054138,0.8385622501373291,0.6019417475728155,0,A,micro_finetune_lambda_0p1.pth,199,False
11766,200,200.Common_Yellowthroat,background_blur,200,200,True,True,True,199,30.03818130493164,30.44089698791504,0.40271568298339844,0.9982485771179199,0.9975891709327698,0.8269230769230769,0,A,micro_finetune_lambda_0p1.pth,200,False
11785,200,200.Common_Yellowthroat,background_blur,200,200,True,True,True,199,29.611541748046875,29.854965209960938,0.2434234619140625,0.922134280204773,0.8917675018310547,0.6239316239316239,0,A,micro_finetune_lambda_0p1.pth,200,False
