image_id,class_id,class_name,original_pred_class_id,perturbed_pred_class_id,prediction_unchanged,fixed_query_index,original_margin,perturbed_margin,margin_change,attention_cosine,attention_pearson,attention_top20_iou,changed_bbox_pixel_values,category
3851,67,067.Anna_Hummingbird,67,67,True,66,26.95937728881836,25.42943572998047,-1.5299415588378906,0.9869615435600281,0.9827398657798767,0.9487179487179487,0,A
11055,188,188.Pileated_Woodpecker,188,188,True,187,31.39645004272461,28.82817268371582,-2.568277359008789,0.9461739659309387,0.7957797646522522,0.5652173913043478,0,A
5965,102,102.Western_Wood_Pewee,102,40,False,101,3.7255148887634277,-10.806734085083008,-14.532248973846436,0.6706552505493164,0.4228532314300537,0.4925373134328358,0,D
11399,194,194.Cactus_Wren,194,194,True,193,8.0154390335083,9.26443099975586,1.2489919662475586,0.5576961040496826,0.2761063575744629,0.3004484304932735,0,B
6521,112,112.Great_Grey_Shrike,112,112,True,111,12.61840534210205,10.840596199035645,-1.7778091430664062,0.9804127812385559,0.9611716866493225,0.7964071856287425,0,A
7138,122,122.Harris_Sparrow,122,122,True,121,25.779199600219727,22.285118103027344,-3.494081497192383,0.9531462788581848,0.8572500348091125,0.6888888888888889,0,A
772,14,014.Indigo_Bunting,14,14,True,13,12.324212074279785,30.724464416503906,18.40025234222412,0.9090821743011475,0.8875829577445984,0.5596330275229358,0,A
150,3,003.Sooty_Albatross,3,3,True,2,20.01158332824707,18.873249053955078,-1.1383342742919922,0.9200881719589233,0.7482789158821106,0.5555555555555556,0,A
3755,65,065.Slaty_backed_Gull,65,65,True,64,16.038793563842773,18.358121871948242,2.3193283081054688,0.9211747646331787,0.8901841044425964,0.8471337579617835,0,A
2571,45,045.Northern_Fulmar,45,45,True,44,1.6862249374389648,15.564765930175781,13.878540992736816,0.9277235865592957,0.913724422454834,0.5261044176706827,0,A
8013,137,137.Cliff_Swallow,137,137,True,136,26.688793182373047,24.818252563476562,-1.8705406188964844,0.9874065518379211,0.9802860617637634,0.9512195121951219,0,A
10029,171,171.Myrtle_Warbler,171,171,True,170,15.275311470031738,17.739110946655273,2.463799476623535,0.9799206256866455,0.970000684261322,0.6666666666666666,0,A
7557,129,129.Song_Sparrow,129,129,True,128,11.276571273803711,21.17843246459961,9.901861190795898,0.834904670715332,0.6337738633155823,0.5207373271889401,0,B
4486,77,077.Tropical_Kingbird,77,77,True,76,27.914947509765625,27.075712203979492,-0.8392353057861328,0.9597287178039551,0.9514589905738831,0.645021645021645,0,A
9346,159,159.Black_and_white_Warbler,159,159,True,158,26.83190155029297,32.404354095458984,5.572452545166016,0.9460683465003967,0.812415361404419,0.5568862275449101,0,A
9848,168,168.Kentucky_Warbler,168,168,True,167,29.52911376953125,29.356216430664062,-0.1728973388671875,0.9986720085144043,0.9980931878089905,0.9642857142857143,0,A
2610,46,046.Gadwall,46,46,True,45,27.824832916259766,28.45193099975586,0.6270980834960938,0.9667450189590454,0.8786046504974365,0.5094339622641509,0,A
7644,131,131.Vesper_Sparrow,131,131,True,130,4.232335567474365,21.223390579223633,16.991055011749268,0.8858928084373474,0.7281883358955383,0.4979757085020243,0,B
1736,31,031.Black_billed_Cuckoo,31,31,True,30,21.404876708984375,21.679584503173828,0.2747077941894531,0.829872190952301,0.6489356160163879,0.4559386973180077,0,B
234,4,004.Groove_billed_Ani,4,4,True,3,27.137414932250977,26.412450790405273,-0.7249641418457031,0.911312997341156,0.8638433218002319,0.6666666666666666,0,A
9392,160,160.Black_throated_Blue_Warbler,160,160,True,159,4.073033332824707,7.147529602050781,3.074496269226074,0.9611078500747681,0.9067682027816772,0.6509433962264151,0,A
839,16,016.Painted_Bunting,16,16,True,15,31.056610107421875,31.11571502685547,0.05910491943359375,0.9907273650169373,0.9872936606407166,0.9760479041916168,0,A
2464,43,043.Yellow_bellied_Flycatcher,43,43,True,42,21.058889389038086,13.081263542175293,-7.977625846862793,0.7329615354537964,0.4808090627193451,0.5165876777251185,0,B
7424,127,127.Savannah_Sparrow,127,127,True,126,8.399958610534668,17.56249237060547,9.1625337600708,0.5507219433784485,0.21433818340301514,0.3333333333333333,0,B
11011,187,187.American_Three_toed_Woodpecker,187,187,True,186,27.577072143554688,26.657066345214844,-0.9200057983398438,0.9735010862350464,0.9307765960693359,0.8181818181818182,0,A
9533,163,163.Cape_May_Warbler,163,163,True,162,17.78276252746582,18.429479598999023,0.6467170715332031,0.8916509747505188,0.873785138130188,0.5311004784688995,0,B
2736,48,048.European_Goldfinch,48,48,True,47,34.129329681396484,32.164451599121094,-1.9648780822753906,0.8955950736999512,0.8091087937355042,0.8137254901960784,0,B
6476,111,111.Loggerhead_Shrike,111,111,True,110,25.69904327392578,24.73199462890625,-0.9670486450195312,0.9023377895355225,0.7758498787879944,0.5887850467289719,0,A
314,6,006.Least_Auklet,6,6,True,5,26.139015197753906,30.400226593017578,4.261211395263672,0.8584408760070801,0.6514003872871399,0.45348837209302323,0,B
11438,195,195.Carolina_Wren,195,178,False,194,5.379878044128418,-6.0999226570129395,-11.479800701141357,0.8170575499534607,0.4068083167076111,0.41263940520446096,0,D
2164,38,038.Great_Crested_Flycatcher,38,157,False,37,1.7526919841766357,-1.899388313293457,-3.6520802974700928,0.9926186800003052,0.9885404706001282,0.8617021276595744,0,C
7175,123,123.Henslow_Sparrow,123,123,True,122,7.938200950622559,0.34234845638275146,-7.595852494239807,0.8226723670959473,0.3291138708591461,0.2017167381974249,0,B
711,13,013.Bobolink,13,13,True,12,20.9903507232666,15.705451965332031,-5.28489875793457,0.9282351732254028,0.812770426273346,0.7050691244239631,0,A
2063,37,037.Acadian_Flycatcher,37,37,True,36,4.654191970825195,15.078908920288086,10.42471694946289,0.9392732381820679,0.8941994905471802,0.6666666666666666,0,A
9007,154,154.Red_eyed_Vireo,154,154,True,153,26.607513427734375,26.627750396728516,0.020236968994140625,0.9820985794067383,0.9675931334495544,0.8009478672985783,0,A
4050,70,070.Green_Violetear,70,70,True,69,17.79932975769043,16.442380905151367,-1.3569488525390625,0.9966654777526855,0.9958627820014954,0.7924528301886793,0,A
3596,62,062.Herring_Gull,62,63,False,61,5.196598052978516,-4.237761497497559,-9.434359550476074,0.9064992070198059,0.8284456729888916,0.5261044176706827,0,C
11496,196,196.House_Wren,196,196,True,195,27.751216888427734,18.870378494262695,-8.880838394165039,0.9368733167648315,0.8647362589836121,0.6923076923076923,0,A
1869,33,033.Yellow_billed_Cuckoo,33,32,False,32,12.620747566223145,-5.302756309509277,-17.923503875732422,0.634848952293396,0.36695849895477295,0.3103448275862069,0,D
10142,173,173.Orange_crowned_Warbler,173,172,False,172,6.283695697784424,-1.1604852676391602,-7.444180965423584,0.9336569905281067,0.8881085515022278,0.5384615384615384,0,C
10090,172,172.Nashville_Warbler,172,172,True,171,6.314396381378174,9.904056549072266,3.589660167694092,0.9601044654846191,0.942401111125946,0.5637860082304527,0,A
3521,61,061.Heermann_Gull,61,61,True,60,23.342256546020508,25.582571029663086,2.240314483642578,0.9698432683944702,0.96028071641922,0.7351598173515982,0,A
573,11,011.Rusty_Blackbird,11,11,True,10,22.032108306884766,20.385936737060547,-1.6461715698242188,0.9787363409996033,0.9534663558006287,0.6964285714285714,0,A
8478,145,145.Elegant_Tern,145,145,True,144,23.801990509033203,23.305448532104492,-0.49654197692871094,0.9982870817184448,0.9969403743743896,0.9587628865979382,0,A
9466,161,161.Blue_winged_Warbler,161,161,True,160,16.33135223388672,5.392478942871094,-10.938873291015625,0.32358744740486145,0.23731625080108643,0.4336917562724014,0,B
3013,53,053.Western_Grebe,53,53,True,52,21.647972106933594,22.47599220275879,0.8280200958251953,0.9511256217956543,0.8707378506660461,0.7117117117117117,0,A
7355,126,126.Nelson_Sharp_tailed_Sparrow,126,126,True,125,22.915191650390625,25.556163787841797,2.640972137451172,0.9161683320999146,0.6902502775192261,0.5178571428571429,0,A
6221,107,107.Common_Raven,107,107,True,106,22.185714721679688,19.049421310424805,-3.136293411254883,0.8657785654067993,0.7922815084457397,0.5384615384615384,0,B
4311,74,074.Florida_Jay,74,74,True,73,31.72098159790039,32.02570343017578,0.3047218322753906,0.9878506660461426,0.9816074371337891,0.8181818181818182,0,A
6660,114,114.Black_throated_Sparrow,114,114,True,113,22.16763687133789,23.099979400634766,0.932342529296875,0.9302643537521362,0.8096694350242615,0.44680851063829785,0,B
