image_id,class_id,class_name,predicted_class_id,baseline_top1_correct,selection_seed,within_class_sample_number
28,1,001.Black_footed_Albatross,1,True,42,1
24,1,001.Black_footed_Albatross,1,True,42,2
91,2,002.Laysan_Albatross,2,True,42,1
94,2,002.Laysan_Albatross,2,True,42,2
157,3,003.Sooty_Albatross,3,True,42,1
156,3,003.Sooty_Albatross,3,True,42,2
205,4,004.Groove_billed_Ani,4,True,42,1
179,4,004.Groove_billed_Ani,4,True,42,2
277,5,005.Crested_Auklet,5,True,42,1
239,5,005.Crested_Auklet,5,True,42,2
308,6,006.Least_Auklet,6,True,42,1
315,6,006.Least_Auklet,6,True,42,2
351,7,007.Parakeet_Auklet,7,True,42,1
325,7,007.Parakeet_Auklet,7,True,42,2
387,8,008.Rhinoceros_Auklet,8,True,42,1
420,8,008.Rhinoceros_Auklet,8,True,42,2
448,9,009.Brewer_Blackbird,9,True,42,1
454,9,009.Brewer_Blackbird,9,True,42,2
522,10,010.Red_winged_Blackbird,10,True,42,1
494,10,010.Red_winged_Blackbird,10,True,42,2
603,11,011.Rusty_Blackbird,11,True,42,1
592,11,011.Rusty_Blackbird,11,True,42,2
627,12,012.Yellow_headed_Blackbird,12,True,42,1
622,12,012.Yellow_headed_Blackbird,12,True,42,2
679,13,013.Bobolink,13,True,42,1
703,13,013.Bobolink,13,True,42,2
752,14,014.Indigo_Bunting,14,True,42,1
737,14,014.Indigo_Bunting,14,True,42,2
809,15,015.Lazuli_Bunting,15,True,42,1
796,15,015.Lazuli_Bunting,15,True,42,2
852,16,016.Painted_Bunting,16,True,42,1
842,16,016.Painted_Bunting,16,True,42,2
896,17,017.Cardinal,17,True,42,1
924,17,017.Cardinal,17,True,42,2
978,18,018.Spotted_Catbird,18,True,42,1
997,18,018.Spotted_Catbird,18,True,42,2
1009,19,019.Gray_Catbird,19,True,42,1
999,19,019.Gray_Catbird,19,True,42,2
1108,20,020.Yellow_breasted_Chat,20,True,42,1
1086,20,020.Yellow_breasted_Chat,20,True,42,2
1132,21,021.Eastern_Towhee,21,True,42,1
1127,21,021.Eastern_Towhee,21,True,42,2
1183,22,022.Chuck_will_Widow,22,True,42,1
1193,22,022.Chuck_will_Widow,22,True,42,2
1275,23,023.Brandt_Cormorant,23,True,42,1
1266,23,023.Brandt_Cormorant,23,True,42,2
1341,24,024.Red_faced_Cormorant,24,True,42,1
1319,24,024.Red_faced_Cormorant,24,True,42,2
1367,25,025.Pelagic_Cormorant,25,True,42,1
1376,25,025.Pelagic_Cormorant,25,True,42,2
1457,26,026.Bronzed_Cowbird,26,True,42,1
1432,26,026.Bronzed_Cowbird,26,True,42,2
1518,27,027.Shiny_Cowbird,27,True,42,1
1463,27,027.Shiny_Cowbird,27,True,42,2
1553,28,028.Brown_Creeper,28,True,42,1
1555,28,028.Brown_Creeper,28,True,42,2
1594,29,029.American_Crow,29,True,42,1
1605,29,029.American_Crow,29,True,42,2
1646,30,030.Fish_Crow,30,True,42,1
1696,30,030.Fish_Crow,30,True,42,2
1738,31,031.Black_billed_Cuckoo,31,True,42,1
1730,31,031.Black_billed_Cuckoo,31,True,42,2
1768,32,032.Mangrove_Cuckoo,32,True,42,1
1807,32,032.Mangrove_Cuckoo,32,True,42,2
1846,33,033.Yellow_billed_Cuckoo,33,True,42,1
1859,33,033.Yellow_billed_Cuckoo,33,True,42,2
1888,34,034.Gray_crowned_Rosy_Finch,34,True,42,1
1896,34,034.Gray_crowned_Rosy_Finch,34,True,42,2
1968,35,035.Purple_Finch,35,True,42,1
1939,35,035.Purple_Finch,35,True,42,2
2040,36,036.Northern_Flicker,36,True,42,1
2030,36,036.Northern_Flicker,36,True,42,2
2067,37,037.Acadian_Flycatcher,37,True,42,1
2075,37,037.Acadian_Flycatcher,37,True,42,2
2135,38,038.Great_Crested_Flycatcher,38,True,42,1
2158,38,038.Great_Crested_Flycatcher,38,True,42,2
2186,39,039.Least_Flycatcher,39,True,42,1
2183,39,039.Least_Flycatcher,39,True,42,2
2257,40,040.Olive_sided_Flycatcher,40,True,42,1
2234,40,040.Olive_sided_Flycatcher,40,True,42,2
2293,41,041.Scissor_tailed_Flycatcher,41,True,42,1
2319,41,041.Scissor_tailed_Flycatcher,41,True,42,2
2381,42,042.Vermilion_Flycatcher,42,True,42,1
2367,42,042.Vermilion_Flycatcher,42,True,42,2
2412,43,043.Yellow_bellied_Flycatcher,43,True,42,1
2434,43,043.Yellow_bellied_Flycatcher,43,True,42,2
2500,44,044.Frigatebird,44,True,42,1
2470,44,044.Frigatebird,44,True,42,2
2571,45,045.Northern_Fulmar,45,True,42,1
2559,45,045.Northern_Fulmar,45,True,42,2
2594,46,046.Gadwall,46,True,42,1
2649,46,046.Gadwall,46,True,42,2
2676,47,047.American_Goldfinch,47,True,42,1
2673,47,047.American_Goldfinch,47,True,42,2
2764,48,048.European_Goldfinch,48,True,42,1
2761,48,048.European_Goldfinch,48,True,42,2
2785,49,049.Boat_tailed_Grackle,49,True,42,1
2805,49,049.Boat_tailed_Grackle,49,True,42,2
2837,50,050.Eared_Grebe,50,True,42,1
2839,50,050.Eared_Grebe,50,True,42,2
2892,51,051.Horned_Grebe,51,True,42,1
2913,51,051.Horned_Grebe,51,True,42,2
2997,52,052.Pied_billed_Grebe,52,True,42,1
3004,52,052.Pied_billed_Grebe,52,True,42,2
3037,53,053.Western_Grebe,53,True,42,1
3066,53,053.Western_Grebe,53,True,42,2
3124,54,054.Blue_Grosbeak,54,True,42,1
3081,54,054.Blue_Grosbeak,54,True,42,2
3135,55,055.Evening_Grosbeak,55,True,42,1
3166,55,055.Evening_Grosbeak,55,True,42,2
3206,56,056.Pine_Grosbeak,56,True,42,1
3218,56,056.Pine_Grosbeak,56,True,42,2
3298,57,057.Rose_breasted_Grosbeak,57,True,42,1
3261,57,057.Rose_breasted_Grosbeak,57,True,42,2
3359,58,058.Pigeon_Guillemot,58,True,42,1
3326,58,058.Pigeon_Guillemot,58,True,42,2
3390,59,059.California_Gull,59,True,42,1
3370,59,059.California_Gull,59,True,42,2
3432,60,060.Glaucous_winged_Gull,60,True,42,1
3453,60,060.Glaucous_winged_Gull,60,True,42,2
3494,61,061.Heermann_Gull,61,True,42,1
3537,61,061.Heermann_Gull,61,True,42,2
3594,62,062.Herring_Gull,62,True,42,1
3598,62,062.Herring_Gull,62,True,42,2
3652,63,063.Ivory_Gull,63,True,42,1
3662,63,063.Ivory_Gull,63,True,42,2
3726,64,064.Ring_billed_Gull,64,True,42,1
3698,64,064.Ring_billed_Gull,64,True,42,2
3763,65,065.Slaty_backed_Gull,65,True,42,1
3760,65,065.Slaty_backed_Gull,65,True,42,2
3823,66,066.Western_Gull,66,True,42,1
3836,66,066.Western_Gull,66,True,42,2
3859,67,067.Anna_Hummingbird,67,True,42,1
3877,67,067.Anna_Hummingbird,67,True,42,2
3900,68,068.Ruby_throated_Hummingbird,68,True,42,1
3924,68,068.Ruby_throated_Hummingbird,68,True,42,2
4002,69,069.Rufous_Hummingbird,69,True,42,1
3965,69,069.Rufous_Hummingbird,69,True,42,2
4048,70,070.Green_Violetear,70,True,42,1
4058,70,070.Green_Violetear,70,True,42,2
4099,71,071.Long_tailed_Jaeger,71,True,42,1
4080,71,071.Long_tailed_Jaeger,71,True,42,2
4139,72,072.Pomarine_Jaeger,72,True,42,1
4163,72,072.Pomarine_Jaeger,72,True,42,2
4222,73,073.Blue_Jay,73,True,42,1
4207,73,073.Blue_Jay,73,True,42,2
4312,74,074.Florida_Jay,74,True,42,1
4281,74,074.Florida_Jay,74,True,42,2
4340,75,075.Green_Jay,75,True,42,1
4338,75,075.Green_Jay,75,True,42,2
4409,76,076.Dark_eyed_Junco,76,True,42,1
4419,76,076.Dark_eyed_Junco,76,True,42,2
4447,77,077.Tropical_Kingbird,77,True,42,1
4462,77,077.Tropical_Kingbird,77,True,42,2
4496,78,078.Gray_Kingbird,78,True,42,1
4504,78,078.Gray_Kingbird,78,True,42,2
4571,79,079.Belted_Kingfisher,79,True,42,1
4606,79,079.Belted_Kingfisher,79,True,42,2
4633,80,080.Green_Kingfisher,80,True,42,1
4652,80,080.Green_Kingfisher,80,True,42,2
4715,81,081.Pied_Kingfisher,81,True,42,1
4673,81,081.Pied_Kingfisher,81,True,42,2
4733,82,082.Ringed_Kingfisher,82,True,42,1
4774,82,082.Ringed_Kingfisher,82,True,42,2
4846,83,083.White_breasted_Kingfisher,83,True,42,1
4800,83,083.White_breasted_Kingfisher,83,True,42,2
4890,84,084.Red_legged_Kittiwake,84,True,42,1
4865,84,084.Red_legged_Kittiwake,84,True,42,2
4932,85,085.Horned_Lark,85,True,42,1
4962,85,085.Horned_Lark,85,True,42,2
4978,86,086.Pacific_Loon,86,True,42,1
4966,86,086.Pacific_Loon,86,True,42,2
5077,87,087.Mallard,87,True,42,1
5060,87,087.Mallard,87,True,42,2
5103,88,088.Western_Meadowlark,88,True,42,1
5140,88,088.Western_Meadowlark,88,True,42,2
5156,89,089.Hooded_Merganser,89,True,42,1
5150,89,089.Hooded_Merganser,89,True,42,2
5218,90,090.Red_breasted_Merganser,90,True,42,1
5228,90,090.Red_breasted_Merganser,90,True,42,2
5311,91,091.Mockingbird,91,True,42,1
5293,91,091.Mockingbird,91,True,42,2
5377,92,092.Nighthawk,92,True,42,1
5372,92,092.Nighthawk,92,True,42,2
5387,93,093.Clark_Nutcracker,93,True,42,1
5407,93,093.Clark_Nutcracker,93,True,42,2
5478,94,094.White_breasted_Nuthatch,94,True,42,1
5456,94,094.White_breasted_Nuthatch,94,True,42,2
5552,95,095.Baltimore_Oriole,95,True,42,1
5529,95,095.Baltimore_Oriole,95,True,42,2
5622,96,096.Hooded_Oriole,96,True,42,1
5623,96,096.Hooded_Oriole,96,True,42,2
5659,97,097.Orchard_Oriole,97,True,42,1
5665,97,097.Orchard_Oriole,97,True,42,2
5692,98,098.Scott_Oriole,98,True,42,1
5742,98,098.Scott_Oriole,98,True,42,2
5775,99,099.Ovenbird,99,True,42,1
5767,99,099.Ovenbird,99,True,42,2
5847,100,100.Brown_Pelican,100,True,42,1
5816,100,100.Brown_Pelican,100,True,42,2
5907,101,101.White_Pelican,101,True,42,1
5884,101,101.White_Pelican,101,True,42,2
5924,102,102.Western_Wood_Pewee,102,True,42,1
5917,102,102.Western_Wood_Pewee,102,True,42,2
6016,103,103.Sayornis,103,True,42,1
6032,103,103.Sayornis,103,True,42,2
6038,104,104.American_Pipit,104,True,42,1
6055,104,104.American_Pipit,104,True,42,2
6098,105,105.Whip_poor_Will,105,True,42,1
6141,105,105.Whip_poor_Will,105,True,42,2
6152,106,106.Horned_Puffin,106,True,42,1
6148,106,106.Horned_Puffin,106,True,42,2
6225,107,107.Common_Raven,107,True,42,1
6212,107,107.Common_Raven,107,True,42,2
6308,108,108.White_necked_Raven,108,True,42,1
6266,108,108.White_necked_Raven,108,True,42,2
6380,109,109.American_Redstart,109,True,42,1
6344,109,109.American_Redstart,109,True,42,2
6389,110,110.Geococcyx,110,True,42,1
6419,110,110.Geococcyx,110,True,42,2
6454,111,111.Loggerhead_Shrike,111,True,42,1
6451,111,111.Loggerhead_Shrike,111,True,42,2
6521,112,112.Great_Grey_Shrike,112,True,42,1
6541,112,112.Great_Grey_Shrike,112,True,42,2
6579,113,113.Baird_Sparrow,113,True,42,1
6595,113,113.Baird_Sparrow,113,True,42,2
6613,114,114.Black_throated_Sparrow,114,True,42,1
6665,114,114.Black_throated_Sparrow,114,True,42,2
6707,115,115.Brewer_Sparrow,115,True,42,1
6693,115,115.Brewer_Sparrow,115,True,42,2
6750,116,116.Chipping_Sparrow,116,True,42,1
6748,116,116.Chipping_Sparrow,116,True,42,2
6842,117,117.Clay_colored_Sparrow,117,True,42,1
6844,117,117.Clay_colored_Sparrow,117,True,42,2
6881,118,118.House_Sparrow,118,True,42,1
6855,118,118.House_Sparrow,118,True,42,2
6966,119,119.Field_Sparrow,119,True,42,1
6936,119,119.Field_Sparrow,119,True,42,2
7018,120,120.Fox_Sparrow,120,True,42,1
7026,120,120.Fox_Sparrow,120,True,42,2
7064,121,121.Grasshopper_Sparrow,121,True,42,1
7067,121,121.Grasshopper_Sparrow,121,True,42,2
7105,122,122.Harris_Sparrow,122,True,42,1
7112,122,122.Harris_Sparrow,122,True,42,2
7199,123,123.Henslow_Sparrow,123,True,42,1
7160,123,123.Henslow_Sparrow,123,True,42,2
7240,124,124.Le_Conte_Sparrow,124,True,42,1
7228,124,124.Le_Conte_Sparrow,124,True,42,2
7271,125,125.Lincoln_Sparrow,125,True,42,1
7321,125,125.Lincoln_Sparrow,125,True,42,2
7346,126,126.Nelson_Sharp_tailed_Sparrow,126,True,42,1
7374,126,126.Nelson_Sharp_tailed_Sparrow,126,True,42,2
7400,127,127.Savannah_Sparrow,127,True,42,1
7388,127,127.Savannah_Sparrow,127,True,42,2
7463,128,128.Seaside_Sparrow,128,True,42,1
7454,128,128.Seaside_Sparrow,128,True,42,2
7518,129,129.Song_Sparrow,129,True,42,1
7532,129,129.Song_Sparrow,129,True,42,2
7589,130,130.Tree_Sparrow,130,True,42,1
7606,130,130.Tree_Sparrow,130,True,42,2
7674,131,131.Vesper_Sparrow,131,True,42,1
7640,131,131.Vesper_Sparrow,131,True,42,2
7693,132,132.White_crowned_Sparrow,132,True,42,1
7730,132,132.White_crowned_Sparrow,132,True,42,2
7783,133,133.White_throated_Sparrow,133,True,42,1
7753,133,133.White_throated_Sparrow,133,True,42,2
7849,134,134.Cape_Glossy_Starling,134,True,42,1
7839,134,134.Cape_Glossy_Starling,134,True,42,2
7918,135,135.Bank_Swallow,135,True,42,1
7888,135,135.Bank_Swallow,135,True,42,2
7978,136,136.Barn_Swallow,136,True,42,1
7981,136,136.Barn_Swallow,136,True,42,2
8030,137,137.Cliff_Swallow,137,True,42,1
7989,137,137.Cliff_Swallow,137,True,42,2
8091,138,138.Tree_Swallow,138,True,42,1
8071,138,138.Tree_Swallow,138,True,42,2
8164,139,139.Scarlet_Tanager,139,True,42,1
8122,139,139.Scarlet_Tanager,139,True,42,2
8213,140,140.Summer_Tanager,140,True,42,1
8207,140,140.Summer_Tanager,140,True,42,2
8246,141,141.Artic_Tern,141,True,42,1
8262,141,141.Artic_Tern,141,True,42,2
8293,142,142.Black_Tern,142,True,42,1
8298,142,142.Black_Tern,142,True,42,2
8389,143,143.Caspian_Tern,143,True,42,1
8356,143,143.Caspian_Tern,143,True,42,2
8446,144,144.Common_Tern,144,True,42,1
8420,144,144.Common_Tern,144,True,42,2
8509,145,145.Elegant_Tern,145,True,42,1
8488,145,145.Elegant_Tern,145,True,42,2
8555,146,146.Forsters_Tern,146,True,42,1
8542,146,146.Forsters_Tern,146,True,42,2
8634,147,147.Least_Tern,147,True,42,1
8595,147,147.Least_Tern,147,True,42,2
8680,148,148.Green_tailed_Towhee,148,True,42,1
8697,148,148.Green_tailed_Towhee,148,True,42,2
8739,149,149.Brown_Thrasher,149,True,42,1
8713,149,149.Brown_Thrasher,149,True,42,2
8797,150,150.Sage_Thrasher,150,True,42,1
8784,150,150.Sage_Thrasher,150,True,42,2
8857,151,151.Black_capped_Vireo,151,True,42,1
8846,151,151.Black_capped_Vireo,151,True,42,2
8921,152,152.Blue_headed_Vireo,152,True,42,1
8932,152,152.Blue_headed_Vireo,152,True,42,2
8976,153,153.Philadelphia_Vireo,153,True,42,1
8956,153,153.Philadelphia_Vireo,153,True,42,2
8998,154,154.Red_eyed_Vireo,154,True,42,1
9033,154,154.Red_eyed_Vireo,154,True,42,2
9095,155,155.Warbling_Vireo,155,True,42,1
9111,155,155.Warbling_Vireo,155,True,42,2
9127,156,156.White_eyed_Vireo,156,True,42,1
9159,156,156.White_eyed_Vireo,156,True,42,2
9229,157,157.Yellow_throated_Vireo,157,True,42,1
9217,157,157.Yellow_throated_Vireo,157,True,42,2
9250,158,158.Bay_breasted_Warbler,158,True,42,1
9239,158,158.Bay_breasted_Warbler,158,True,42,2
9343,159,159.Black_and_white_Warbler,159,True,42,1
9334,159,159.Black_and_white_Warbler,159,True,42,2
9407,160,160.Black_throated_Blue_Warbler,160,True,42,1
9377,160,160.Black_throated_Blue_Warbler,160,True,42,2
9467,161,161.Blue_winged_Warbler,161,True,42,1
9466,161,161.Blue_winged_Warbler,161,True,42,2
9472,162,162.Canada_Warbler,162,True,42,1
9486,162,162.Canada_Warbler,162,True,42,2
9541,163,163.Cape_May_Warbler,163,True,42,1
9586,163,163.Cape_May_Warbler,163,True,42,2
9602,164,164.Cerulean_Warbler,164,True,42,1
9599,164,164.Cerulean_Warbler,164,True,42,2
9692,165,165.Chestnut_sided_Warbler,165,True,42,1
9696,165,165.Chestnut_sided_Warbler,165,True,42,2
9761,166,166.Golden_winged_Warbler,166,True,42,1
9744,166,166.Golden_winged_Warbler,166,True,42,2
9800,167,167.Hooded_Warbler,167,True,42,1
9807,167,167.Hooded_Warbler,167,True,42,2
9832,168,168.Kentucky_Warbler,168,True,42,1
9872,168,168.Kentucky_Warbler,168,True,42,2
9917,169,169.Magnolia_Warbler,169,True,42,1
9891,169,169.Magnolia_Warbler,169,True,42,2
9993,170,170.Mourning_Warbler,170,True,42,1
9983,170,170.Mourning_Warbler,170,True,42,2
10032,171,171.Myrtle_Warbler,171,True,42,1
10048,171,171.Myrtle_Warbler,171,True,42,2
10110,172,172.Nashville_Warbler,172,True,42,1
10069,172,172.Nashville_Warbler,172,True,42,2
10187,173,173.Orange_crowned_Warbler,173,True,42,1
10164,173,173.Orange_crowned_Warbler,173,True,42,2
10205,174,174.Palm_Warbler,174,True,42,1
10222,174,174.Palm_Warbler,174,True,42,2
10257,175,175.Pine_Warbler,175,True,42,1
10279,175,175.Pine_Warbler,175,True,42,2
10320,176,176.Prairie_Warbler,176,True,42,1
10358,176,176.Prairie_Warbler,176,True,42,2
10385,177,177.Prothonotary_Warbler,177,True,42,1
10387,177,177.Prothonotary_Warbler,177,True,42,2
10475,178,178.Swainson_Warbler,178,True,42,1
10465,178,178.Swainson_Warbler,178,True,42,2
10494,179,179.Tennessee_Warbler,179,True,42,1
10529,179,179.Tennessee_Warbler,179,True,42,2
10568,180,180.Wilson_Warbler,180,True,42,1
10576,180,180.Wilson_Warbler,180,True,42,2
10618,181,181.Worm_eating_Warbler,181,True,42,1
10621,181,181.Worm_eating_Warbler,181,True,42,2
10671,182,182.Yellow_Warbler,182,True,42,1
10672,182,182.Yellow_Warbler,182,True,42,2
10733,183,183.Northern_Waterthrush,183,True,42,1
10740,183,183.Northern_Waterthrush,183,True,42,2
10825,184,184.Louisiana_Waterthrush,184,True,42,1
10811,184,184.Louisiana_Waterthrush,184,True,42,2
10866,185,185.Bohemian_Waxwing,185,True,42,1
10886,185,185.Bohemian_Waxwing,185,True,42,2
10925,186,186.Cedar_Waxwing,186,True,42,1
10911,186,186.Cedar_Waxwing,186,True,42,2
10981,187,187.American_Three_toed_Woodpecker,187,True,42,1
10993,187,187.American_Three_toed_Woodpecker,187,True,42,2
11039,188,188.Pileated_Woodpecker,188,True,42,1
11066,188,188.Pileated_Woodpecker,188,True,42,2
11115,189,189.Red_bellied_Woodpecker,189,True,42,1
11103,189,189.Red_bellied_Woodpecker,189,True,42,2
11136,190,190.Red_cockaded_Woodpecker,190,True,42,1
11142,190,190.Red_cockaded_Woodpecker,190,True,42,2
11241,191,191.Red_headed_Woodpecker,191,True,42,1
11234,191,191.Red_headed_Woodpecker,191,True,42,2
11297,192,192.Downy_Woodpecker,192,True,42,1
11275,192,192.Downy_Woodpecker,192,True,42,2
11318,193,193.Bewick_Wren,193,True,42,1
11329,193,193.Bewick_Wren,193,True,42,2
11372,194,194.Cactus_Wren,194,True,42,1
11402,194,194.Cactus_Wren,194,True,42,2
11449,195,195.Carolina_Wren,195,True,42,1
11472,195,195.Carolina_Wren,195,True,42,2
11528,196,196.House_Wren,196,True,42,1
11499,196,196.House_Wren,196,True,42,2
11592,197,197.Marsh_Wren,197,True,42,1
11568,197,197.Marsh_Wren,197,True,42,2
11628,198,198.Rock_Wren,198,True,42,1
11653,198,198.Rock_Wren,198,True,42,2
11675,199,199.Winter_Wren,199,True,42,1
11692,199,199.Winter_Wren,199,True,42,2
11766,200,200.Common_Yellowthroat,200,True,42,1
11785,200,200.Common_Yellowthroat,200,True,42,2
