image_id,class_id,class_name,perturbation,original_pred_class_id,perturbed_pred_class_id,prediction_unchanged,fixed_query_index,original_margin,perturbed_margin,margin_change,attention_cosine,attention_pearson,attention_top20_iou,changed_bbox_pixel_values,category
28,1,001.Black_footed_Albatross,background_mask,1,1,True,0,17.835678100585938,15.46748161315918,-2.368196487426758,0.902771532535553,0.8919512033462524,0.8181818181818182,0,A
24,1,001.Black_footed_Albatross,background_mask,1,1,True,0,28.750274658203125,29.53777313232422,0.7874984741210938,0.8861238956451416,0.866864800453186,0.8232044198895028,0,B
91,2,002.Laysan_Albatross,background_mask,2,2,True,1,16.032814025878906,21.50402069091797,5.4712066650390625,0.8454461097717285,0.8230353593826294,0.6465863453815262,0,B
94,2,002.Laysan_Albatross,background_mask,2,2,True,1,21.15330696105957,18.82172393798828,-2.331583023071289,0.9831536412239075,0.9761125445365906,0.8536585365853658,0,A
157,3,003.Sooty_Albatross,background_mask,3,3,True,2,7.428022384643555,2.689025640487671,-4.738996744155884,0.963207483291626,0.9312626123428345,0.6666666666666666,0,A
156,3,003.Sooty_Albatross,background_mask,3,3,True,2,14.65920352935791,10.000303268432617,-4.658900260925293,0.9527779221534729,0.8840184807777405,0.5481171548117155,0,A
205,4,004.Groove_billed_Ani,background_mask,4,4,True,3,17.04212760925293,4.271522521972656,-12.770605087280273,0.8168323040008545,0.6805614829063416,0.5789473684210527,0,B
179,4,004.Groove_billed_Ani,background_mask,4,4,True,3,21.322742462158203,9.457667350769043,-11.86507511138916,0.5715187788009644,0.3544086813926697,0.3877551020408163,0,B
277,5,005.Crested_Auklet,background_mask,5,5,True,4,21.353670120239258,24.6639404296875,3.310270309448242,0.9770167469978333,0.8606774806976318,0.5897435897435898,0,A
239,5,005.Crested_Auklet,background_mask,5,5,True,4,26.631324768066406,23.688722610473633,-2.9426021575927734,0.9800654649734497,0.9128679633140564,0.7112299465240641,0,A
308,6,006.Least_Auklet,background_mask,6,6,True,5,9.08764934539795,12.96931266784668,3.8816633224487305,0.9081445336341858,0.6187308430671692,0.38613861386138615,0,B
315,6,006.Least_Auklet,background_mask,6,6,True,5,17.918834686279297,23.95042610168457,6.031591415405273,0.9315090775489807,0.7128320932388306,0.4785992217898833,0,B
351,7,007.Parakeet_Auklet,background_mask,7,7,True,6,14.70296573638916,13.399789810180664,-1.303175926208496,0.9114267826080322,0.8811452984809875,0.8009478672985783,0,A
325,7,007.Parakeet_Auklet,background_mask,7,7,True,6,24.085052490234375,24.031818389892578,-0.053234100341796875,0.9672034382820129,0.9442457556724548,0.8229166666666666,0,A
387,8,008.Rhinoceros_Auklet,background_mask,8,8,True,7,10.677898406982422,22.565013885498047,11.887115478515625,0.9176514148712158,0.8222939968109131,0.5920398009950248,0,A
420,8,008.Rhinoceros_Auklet,background_mask,8,8,True,7,29.13259506225586,22.096027374267578,-7.036567687988281,0.8120337724685669,0.7533442974090576,0.6239316239316239,0,B
448,9,009.Brewer_Blackbird,background_mask,9,9,True,8,25.073068618774414,26.95925521850586,1.8861865997314453,0.9775527715682983,0.9647205471992493,0.9,0,A
454,9,009.Brewer_Blackbird,background_mask,9,9,True,8,0.07777214050292969,5.774901390075684,5.697129249572754,0.8671743869781494,0.7769286036491394,0.6101694915254238,0,B
522,10,010.Red_winged_Blackbird,background_mask,10,10,True,9,24.53964614868164,21.833972930908203,-2.7056732177734375,0.8525153398513794,0.7666728496551514,0.46788990825688076,0,B
494,10,010.Red_winged_Blackbird,background_mask,10,10,True,9,32.11192321777344,27.79281997680664,-4.319103240966797,0.735464870929718,0.5309566855430603,0.3793103448275862,0,B
603,11,011.Rusty_Blackbird,background_mask,11,9,False,10,17.146533966064453,-10.624751091003418,-27.77128505706787,0.7020215392112732,0.342899352312088,0.25,0,D
592,11,011.Rusty_Blackbird,background_mask,11,97,False,10,2.712656021118164,-13.289048194885254,-16.001704216003418,0.45292508602142334,0.2400287687778473,0.42857142857142855,0,D
627,12,012.Yellow_headed_Blackbird,background_mask,12,12,True,11,20.715526580810547,19.965213775634766,-0.7503128051757812,0.9669845700263977,0.9636198282241821,0.642512077294686,0,A
622,12,012.Yellow_headed_Blackbird,background_mask,12,12,True,11,7.336221694946289,4.274465560913086,-3.061756134033203,0.8731194734573364,0.8511504530906677,0.4074074074074074,0,B
679,13,013.Bobolink,background_mask,13,92,False,12,4.591145992279053,-4.185756683349609,-8.776902675628662,0.705136239528656,0.45653605461120605,0.3355048859934853,0,D
703,13,013.Bobolink,background_mask,13,13,True,12,18.831256866455078,27.27669906616211,8.445442199707031,0.928987979888916,0.7464573979377747,0.5609756097560976,0,A
752,14,014.Indigo_Bunting,background_mask,14,54,False,13,0.037886619567871094,-5.193859100341797,-5.231745719909668,0.9839370250701904,0.9782311320304871,0.9473684210526315,0,C
737,14,014.Indigo_Bunting,background_mask,14,14,True,13,28.89897918701172,21.157630920410156,-7.7413482666015625,0.8540853261947632,0.8321667313575745,0.5384615384615384,0,B
809,15,015.Lazuli_Bunting,background_mask,15,15,True,14,21.816883087158203,22.55290985107422,0.7360267639160156,0.5716458559036255,0.4416692852973938,0.5833333333333334,0,B
796,15,015.Lazuli_Bunting,background_mask,15,15,True,14,14.526620864868164,16.70530128479004,2.178680419921875,0.6701511740684509,0.5356041193008423,0.4942528735632184,0,B
852,16,016.Painted_Bunting,background_mask,16,16,True,15,22.734695434570312,31.455322265625,8.720626831054688,0.8604475855827332,0.8332025408744812,0.46443514644351463,0,B
842,16,016.Painted_Bunting,background_mask,16,16,True,15,33.269981384277344,33.541046142578125,0.27106475830078125,0.9881116151809692,0.9847502112388611,0.7924528301886793,0,A
896,17,017.Cardinal,background_mask,17,17,True,16,23.281349182128906,22.553377151489258,-0.7279720306396484,0.9064655900001526,0.8898715376853943,0.5899581589958159,0,A
924,17,017.Cardinal,background_mask,17,17,True,16,4.798365592956543,9.875862121582031,5.077496528625488,0.880547046661377,0.8606246113777161,0.7341040462427746,0,B
978,18,018.Spotted_Catbird,background_mask,18,18,True,17,28.17732810974121,8.834814071655273,-19.342514038085938,0.932418704032898,0.9146589636802673,0.47410358565737054,0,B
997,18,018.Spotted_Catbird,background_mask,18,18,True,17,30.913509368896484,25.420930862426758,-5.492578506469727,0.9891106486320496,0.9855166077613831,0.9402985074626866,0,A
1009,19,019.Gray_Catbird,background_mask,19,19,True,18,24.847387313842773,10.633382797241211,-14.214004516601562,0.9336901307106018,0.8970781564712524,0.7708333333333334,0,A
999,19,019.Gray_Catbird,background_mask,19,193,False,18,0.7675261497497559,-1.4013007879257202,-2.168826937675476,0.9909488558769226,0.988632082939148,0.9101123595505618,0,C
1108,20,020.Yellow_breasted_Chat,background_mask,20,20,True,19,8.454477310180664,6.711005687713623,-1.743471622467041,0.8989558219909668,0.8489311337471008,0.6595744680851063,0,B
1086,20,020.Yellow_breasted_Chat,background_mask,20,20,True,19,14.530841827392578,19.442005157470703,4.911163330078125,0.9842363595962524,0.974204421043396,0.8881118881118881,0,A
1132,21,021.Eastern_Towhee,background_mask,21,21,True,20,26.792940139770508,27.21516990661621,0.4222297668457031,0.9660601615905762,0.9092362523078918,0.7256637168141593,0,A
1127,21,021.Eastern_Towhee,background_mask,21,188,False,20,11.875497817993164,-6.311883926391602,-18.187381744384766,0.6598812341690063,0.44703271985054016,0.25435540069686413,0,D
1183,22,022.Chuck_will_Widow,background_mask,22,22,True,21,19.313127517700195,8.675410270690918,-10.637717247009277,0.8493830561637878,0.5453179478645325,0.452991452991453,0,B
1193,22,022.Chuck_will_Widow,background_mask,22,22,True,21,3.053734064102173,17.199033737182617,14.145299673080444,0.9437779784202576,0.8631247878074646,0.7050691244239631,0,A
1275,23,023.Brandt_Cormorant,background_mask,23,23,True,22,6.616329193115234,12.85488224029541,6.238553047180176,0.9177780747413635,0.8675807118415833,0.6465863453815262,0,A
1266,23,023.Brandt_Cormorant,background_mask,23,23,True,22,21.410369873046875,18.45537567138672,-2.9549942016601562,0.9547747373580933,0.9179407358169556,0.8269230769230769,0,A
1341,24,024.Red_faced_Cormorant,background_mask,24,24,True,23,27.30508804321289,28.58810806274414,1.28302001953125,0.755416750907898,0.5800761580467224,0.5481171548117155,0,B
1319,24,024.Red_faced_Cormorant,background_mask,24,24,True,23,21.51671028137207,21.552547454833984,0.03583717346191406,0.9493700861930847,0.9213222861289978,0.8446601941747572,0,A
1367,25,025.Pelagic_Cormorant,background_mask,25,25,True,24,10.403080940246582,7.380998611450195,-3.0220823287963867,0.957932710647583,0.9356477856636047,0.8324607329842932,0,A
1376,25,025.Pelagic_Cormorant,background_mask,25,25,True,24,10.016473770141602,11.232588768005371,1.2161149978637695,0.82743239402771,0.7273753881454468,0.7948717948717948,0,B
1457,26,026.Bronzed_Cowbird,background_mask,26,26,True,25,31.18252182006836,26.305631637573242,-4.876890182495117,0.6373047828674316,0.21787364780902863,0.25,0,B
1432,26,026.Bronzed_Cowbird,background_mask,26,26,True,25,9.434903144836426,10.431426048278809,0.9965229034423828,0.8880047798156738,0.7234735488891602,0.504424778761062,0,B
1518,27,027.Shiny_Cowbird,background_mask,27,110,False,26,21.853641510009766,-8.212394714355469,-30.066036224365234,0.7747042179107666,0.5249010324478149,0.4393939393939394,0,D
1463,27,027.Shiny_Cowbird,background_mask,27,27,True,26,20.386198043823242,0.7508740425109863,-19.635324001312256,0.6605066657066345,0.5307497382164001,0.5765765765765766,0,B
1553,28,028.Brown_Creeper,background_mask,28,28,True,27,30.897008895874023,20.77492904663086,-10.122079849243164,0.9270012974739075,0.7556789517402649,0.4090909090909091,0,B
1555,28,028.Brown_Creeper,background_mask,28,28,True,27,28.782217025756836,25.375394821166992,-3.4068222045898438,0.9469650387763977,0.8502166271209717,0.5957446808510638,0,A
1594,29,029.American_Crow,background_mask,29,29,True,28,10.988016128540039,9.52365493774414,-1.4643611907958984,0.9831886291503906,0.9698725342750549,0.8811881188118812,0,A
1605,29,029.American_Crow,background_mask,29,29,True,28,15.864144325256348,18.543066024780273,2.678921699523926,0.9876322746276855,0.9774057865142822,0.9075144508670521,0,A
1646,30,030.Fish_Crow,background_mask,30,30,True,29,18.979816436767578,0.8742704391479492,-18.10554599761963,0.9213929176330566,0.9128080606460571,0.7142857142857143,0,A
1696,30,030.Fish_Crow,background_mask,30,10,False,29,20.668777465820312,-6.323777198791504,-26.992554664611816,0.8265576362609863,0.7531912922859192,0.5261044176706827,0,D
1738,31,031.Black_billed_Cuckoo,background_mask,31,31,True,30,28.806459426879883,5.508344650268555,-23.298114776611328,0.624051570892334,0.4768024981021881,0.38181818181818183,0,B
1730,31,031.Black_billed_Cuckoo,background_mask,31,164,False,30,14.62037467956543,-5.835538864135742,-20.455913543701172,0.6744896173477173,0.5557394623756409,0.4166666666666667,0,D
1768,32,032.Mangrove_Cuckoo,background_mask,32,32,True,31,4.165250778198242,2.526082992553711,-1.6391677856445312,0.9641691446304321,0.8660807609558105,0.5767634854771784,0,A
1807,32,032.Mangrove_Cuckoo,background_mask,32,32,True,31,32.868553161621094,22.820110321044922,-10.048442840576172,0.7016158103942871,0.3538157343864441,0.34275618374558303,0,B
1846,33,033.Yellow_billed_Cuckoo,background_mask,33,91,False,32,12.227845191955566,-4.356968879699707,-16.584814071655273,0.7701218128204346,0.5340245366096497,0.30434782608695654,0,D
1859,33,033.Yellow_billed_Cuckoo,background_mask,33,33,True,32,18.700109481811523,1.1241979598999023,-17.57591152191162,0.7518854737281799,0.49351102113723755,0.3852813852813853,0,B
1888,34,034.Gray_crowned_Rosy_Finch,background_mask,34,34,True,33,24.382919311523438,23.26535415649414,-1.1175651550292969,0.9825959205627441,0.9701948165893555,0.8421052631578947,0,A
1896,34,034.Gray_crowned_Rosy_Finch,background_mask,34,34,True,33,27.394989013671875,25.112548828125,-2.282440185546875,0.9579363465309143,0.925456166267395,0.8888888888888888,0,A
1968,35,035.Purple_Finch,background_mask,35,35,True,34,29.543521881103516,26.28371810913086,-3.2598037719726562,0.955534040927887,0.9270269870758057,0.8939393939393939,0,A
1939,35,035.Purple_Finch,background_mask,35,35,True,34,27.164159774780273,32.304012298583984,5.139852523803711,0.9364721775054932,0.8901012539863586,0.7525773195876289,0,A
2040,36,036.Northern_Flicker,background_mask,36,36,True,35,22.09872055053711,25.252614974975586,3.1538944244384766,0.9635416269302368,0.9186609387397766,0.645021645021645,0,A
2030,36,036.Northern_Flicker,background_mask,36,36,True,35,28.634906768798828,25.22138214111328,-3.413524627685547,0.9848287105560303,0.9685463905334473,0.7924528301886793,0,A
2067,37,037.Acadian_Flycatcher,background_mask,37,37,True,36,10.89694595336914,12.260961532592773,1.3640155792236328,0.8829337358474731,0.7712510824203491,0.5492957746478874,0,B
2075,37,037.Acadian_Flycatcher,background_mask,37,37,True,36,1.6085796356201172,7.575843811035156,5.967264175415039,0.9240307807922363,0.8721376657485962,0.48514851485148514,0,B
2135,38,038.Great_Crested_Flycatcher,background_mask,38,179,False,37,10.280645370483398,-24.502708435058594,-34.78335380554199,0.8884122371673584,0.7458423376083374,0.4423076923076923,0,D
2158,38,038.Great_Crested_Flycatcher,background_mask,38,38,True,37,32.22322082519531,31.534088134765625,-0.6891326904296875,0.9403550028800964,0.8894648551940918,0.7333333333333333,0,A
2186,39,039.Least_Flycatcher,background_mask,39,40,False,38,19.030712127685547,-9.277584075927734,-28.30829620361328,0.4557253420352936,0.16530713438987732,0.285140562248996,0,D
2183,39,039.Least_Flycatcher,background_mask,39,39,True,38,16.94684410095215,15.019832611083984,-1.927011489868164,0.7417604923248291,0.4965989291667938,0.3953488372093023,0,B
2257,40,040.Olive_sided_Flycatcher,background_mask,40,40,True,39,21.910865783691406,27.317604064941406,5.40673828125,0.9038178324699402,0.8564567565917969,0.7085427135678392,0,A
2234,40,040.Olive_sided_Flycatcher,background_mask,40,40,True,39,13.797159194946289,14.408552169799805,0.6113929748535156,0.9299062490463257,0.8865156173706055,0.6560509554140127,0,A
2293,41,041.Scissor_tailed_Flycatcher,background_mask,41,41,True,40,9.537530899047852,4.316071510314941,-5.22145938873291,0.6170256733894348,0.5596699714660645,0.42857142857142855,0,B
2319,41,041.Scissor_tailed_Flycatcher,background_mask,41,41,True,40,30.995824813842773,27.953886032104492,-3.0419387817382812,0.9109500646591187,0.8847277164459229,0.6574585635359116,0,A
2381,42,042.Vermilion_Flycatcher,background_mask,42,42,True,41,33.778507232666016,31.909343719482422,-1.8691635131835938,0.9835789799690247,0.9801857471466064,0.7040358744394619,0,A
2367,42,042.Vermilion_Flycatcher,background_mask,42,42,True,41,29.265520095825195,27.74153709411621,-1.5239830017089844,0.9930124282836914,0.9914425015449524,0.9021739130434783,0,A
2412,43,043.Yellow_bellied_Flycatcher,background_mask,43,38,False,42,5.6300153732299805,-4.9954938888549805,-10.625509262084961,0.8621193170547485,0.6829214096069336,0.5714285714285714,0,D
2434,43,043.Yellow_bellied_Flycatcher,background_mask,43,43,True,42,12.339324951171875,6.077955722808838,-6.261369228363037,0.7585012316703796,0.5121790170669556,0.4785992217898833,0,B
2500,44,044.Frigatebird,background_mask,44,44,True,43,18.837493896484375,6.819514274597168,-12.017979621887207,0.9414310455322266,0.858742892742157,0.4611872146118721,0,B
2470,44,044.Frigatebird,background_mask,44,44,True,43,21.543087005615234,12.158526420593262,-9.384560585021973,0.9833256006240845,0.9193533062934875,0.6243654822335025,0,A
2571,45,045.Northern_Fulmar,background_mask,45,45,True,44,1.6862249374389648,8.702614784240723,7.016389846801758,0.9308205842971802,0.9183018207550049,0.6239316239316239,0,A
2559,45,045.Northern_Fulmar,background_mask,45,45,True,44,22.49107551574707,15.549271583557129,-6.941803932189941,0.8952662944793701,0.8876983523368835,0.5637860082304527,0,B
2594,46,046.Gadwall,background_mask,46,61,False,45,5.684419631958008,-5.9109296798706055,-11.595349311828613,0.9454279541969299,0.7874487042427063,0.6379310344827587,0,C
2649,46,046.Gadwall,background_mask,46,46,True,45,21.283842086791992,21.955963134765625,0.6721210479736328,0.9785234332084656,0.8782044649124146,0.5163934426229508,0,A
2676,47,047.American_Goldfinch,background_mask,47,47,True,46,28.84383201599121,31.35397720336914,2.5101451873779297,0.9633961319923401,0.9552671313285828,0.8181818181818182,0,A
2673,47,047.American_Goldfinch,background_mask,47,47,True,46,10.670825958251953,7.314638614654541,-3.356187343597412,0.9132241606712341,0.8942581415176392,0.6371681415929203,0,A
2764,48,048.European_Goldfinch,background_mask,48,48,True,47,30.737804412841797,28.674577713012695,-2.0632266998291016,0.9370315074920654,0.8345558047294617,0.6170212765957447,0,A
2761,48,048.European_Goldfinch,background_mask,48,48,True,47,25.06866455078125,24.89716911315918,-0.1714954376220703,0.9446347951889038,0.8633521795272827,0.7894736842105263,0,A
2785,49,049.Boat_tailed_Grackle,background_mask,49,49,True,48,22.395387649536133,21.089189529418945,-1.3061981201171875,0.9790207147598267,0.9555480480194092,0.8848167539267016,0,A
2805,49,049.Boat_tailed_Grackle,background_mask,49,30,False,48,18.85643196105957,-0.9940223693847656,-19.850454330444336,0.9442349076271057,0.9109472632408142,0.7391304347826086,0,C
2837,50,050.Eared_Grebe,background_mask,50,50,True,49,10.81317138671875,7.085023403167725,-3.7281479835510254,0.9497040510177612,0.8657342791557312,0.3220338983050847,0,B
2839,50,050.Eared_Grebe,background_mask,50,50,True,49,9.914770126342773,6.067959785461426,-3.8468103408813477,0.9471369981765747,0.8941973447799683,0.5450643776824035,0,A
2892,51,051.Horned_Grebe,background_mask,51,51,True,50,3.2724227905273438,10.040586471557617,6.768163681030273,0.3794274926185608,0.15759874880313873,0.2297734627831715,0,B
2913,51,051.Horned_Grebe,background_mask,51,51,True,50,15.619491577148438,1.4467377662658691,-14.172753810882568,0.8477283716201782,0.7280617952346802,0.32075471698113206,0,B
2997,52,052.Pied_billed_Grebe,background_mask,52,52,True,51,17.766780853271484,3.3491597175598145,-14.41762113571167,0.5406335592269897,0.4213339686393738,0.33079847908745247,0,B
3004,52,052.Pied_billed_Grebe,background_mask,52,52,True,51,26.952251434326172,25.497587203979492,-1.4546642303466797,0.8333770632743835,0.8039988279342651,0.5094339622641509,0,B
3037,53,053.Western_Grebe,background_mask,53,53,True,52,23.31361961364746,24.154653549194336,0.841033935546875,0.9470089673995972,0.890684187412262,0.8309859154929577,0,A
3066,53,053.Western_Grebe,background_mask,53,53,True,52,24.14179229736328,24.8797550201416,0.7379627227783203,0.9673322439193726,0.912315309047699,0.7040358744394619,0,A
3124,54,054.Blue_Grosbeak,background_mask,54,54,True,53,19.397869110107422,17.97169303894043,-1.4261760711669922,0.8995358347892761,0.8426918387413025,0.7435897435897436,0,B
3081,54,054.Blue_Grosbeak,background_mask,54,54,True,53,20.650543212890625,19.598247528076172,-1.0522956848144531,0.9109429121017456,0.8512412309646606,0.7061611374407583,0,A
3135,55,055.Evening_Grosbeak,background_mask,55,55,True,54,26.647085189819336,26.7086124420166,0.061527252197265625,0.9942482709884644,0.9897249341011047,0.9791666666666666,0,A
3166,55,055.Evening_Grosbeak,background_mask,55,55,True,54,22.185588836669922,11.802083969116211,-10.383504867553711,0.9167709350585938,0.8868278861045837,0.8497109826589595,0,A
3206,56,056.Pine_Grosbeak,background_mask,56,56,True,55,26.11458969116211,27.082305908203125,0.9677162170410156,0.9547683000564575,0.8869124054908752,0.6062176165803109,0,A
3218,56,056.Pine_Grosbeak,background_mask,56,56,True,55,35.40549087524414,34.21588134765625,-1.1896095275878906,0.8560286164283752,0.7752735018730164,0.630901287553648,0,B
3298,57,057.Rose_breasted_Grosbeak,background_mask,57,57,True,56,18.32805061340332,29.914196014404297,11.586145401000977,0.9578525424003601,0.9387064576148987,0.4977973568281938,0,B
3261,57,057.Rose_breasted_Grosbeak,background_mask,57,57,True,56,25.030170440673828,20.42557716369629,-4.604593276977539,0.9169886112213135,0.8676841259002686,0.6826923076923077,0,A
3359,58,058.Pigeon_Guillemot,background_mask,58,58,True,57,32.182987213134766,31.83123779296875,-0.3517494201660156,0.8946418762207031,0.803829550743103,0.6267942583732058,0,B
3326,58,058.Pigeon_Guillemot,background_mask,58,58,True,57,26.57194709777832,28.364051818847656,1.792104721069336,0.9185048937797546,0.8628928661346436,0.6931216931216931,0,A
3390,59,059.California_Gull,background_mask,59,59,True,58,0.5964369773864746,6.8152618408203125,6.218824863433838,0.9473844766616821,0.9343245625495911,0.7482517482517482,0,A
3370,59,059.California_Gull,background_mask,59,59,True,58,0.774293065071106,23.495275497436523,22.720982432365417,0.792613685131073,0.7331253290176392,0.42857142857142855,0,B
3432,60,060.Glaucous_winged_Gull,background_mask,60,60,True,59,25.989850997924805,23.764253616333008,-2.225597381591797,0.9501363635063171,0.9242229461669922,0.8681318681318682,0,A
3453,60,060.Glaucous_winged_Gull,background_mask,60,60,True,59,21.420433044433594,17.852767944335938,-3.5676651000976562,0.8408649563789368,0.7741737961769104,0.9191919191919192,0,B
3494,61,061.Heermann_Gull,background_mask,61,61,True,60,23.6865234375,23.228012084960938,-0.4585113525390625,0.947285532951355,0.9058884978294373,0.8562874251497006,0,A
3537,61,061.Heermann_Gull,background_mask,61,61,True,60,24.317014694213867,28.647903442382812,4.330888748168945,0.9848173260688782,0.9769338965415955,0.8784530386740331,0,A
3594,62,062.Herring_Gull,background_mask,62,62,True,61,1.933095932006836,0.702794075012207,-1.230301856994629,0.9757174253463745,0.9481351375579834,0.7346938775510204,0,A
3598,62,062.Herring_Gull,background_mask,62,62,True,61,13.23450756072998,4.259580612182617,-8.974926948547363,0.9744747877120972,0.9521865248680115,0.8269230769230769,0,A
3652,63,063.Ivory_Gull,background_mask,63,63,True,62,23.67928123474121,22.41364288330078,-1.2656383514404297,0.9690555334091187,0.963263213634491,0.6101694915254238,0,A
3662,63,063.Ivory_Gull,background_mask,63,63,True,62,20.310405731201172,24.294506072998047,3.984100341796875,0.9790268540382385,0.9707189202308655,0.8713450292397661,0,A
3726,64,064.Ring_billed_Gull,background_mask,64,64,True,63,11.0743408203125,2.886417865753174,-8.187922954559326,0.9716373682022095,0.9668734669685364,0.9101123595505618,0,A
3698,64,064.Ring_billed_Gull,background_mask,64,64,True,63,19.958683013916016,18.810047149658203,-1.1486358642578125,0.9941676259040833,0.9892004728317261,0.9191919191919192,0,A
3763,65,065.Slaty_backed_Gull,background_mask,65,90,False,64,8.682267189025879,-6.123165130615234,-14.805432319641113,0.8873052597045898,0.8510218262672424,0.6509433962264151,0,D
3760,65,065.Slaty_backed_Gull,background_mask,65,65,True,64,9.460844039916992,15.81184196472168,6.3509979248046875,0.9623973369598389,0.9478857517242432,0.9135802469135802,0,A
3823,66,066.Western_Gull,background_mask,66,66,True,65,13.815857887268066,11.953370094299316,-1.86248779296875,0.9675924777984619,0.9197624921798706,0.7727272727272727,0,A
3836,66,066.Western_Gull,background_mask,66,66,True,65,28.19564437866211,27.880693435668945,-0.31495094299316406,0.9600793719291687,0.8854564428329468,0.7616580310880829,0,A
3859,67,067.Anna_Hummingbird,background_mask,67,67,True,66,7.2176833152771,1.5175256729125977,-5.700157642364502,0.8011189103126526,0.7815108895301819,0.4785992217898833,0,B
3877,67,067.Anna_Hummingbird,background_mask,67,67,True,66,29.93248176574707,29.40399742126465,-0.5284843444824219,0.9803321957588196,0.9748629927635193,0.910828025477707,0,A
3900,68,068.Ruby_throated_Hummingbird,background_mask,68,68,True,67,30.964336395263672,26.349586486816406,-4.614749908447266,0.9671812653541565,0.9593172669410706,0.7341040462427746,0,A
3924,68,068.Ruby_throated_Hummingbird,background_mask,68,69,False,67,4.119700908660889,-10.860595703125,-14.980296611785889,0.6836856603622437,0.6142772436141968,0.2459016393442623,0,D
4002,69,069.Rufous_Hummingbird,background_mask,69,69,True,68,26.429157257080078,26.012168884277344,-0.4169883728027344,0.9901188611984253,0.9834062457084656,0.9148936170212766,0,A
3965,69,069.Rufous_Hummingbird,background_mask,69,69,True,68,23.802488327026367,30.435617446899414,6.633129119873047,0.9123018980026245,0.8489229083061218,0.6025641025641025,0,A
4048,70,070.Green_Violetear,background_mask,70,70,True,69,23.01363754272461,21.512271881103516,-1.5013656616210938,0.9967570900917053,0.9956894516944885,0.7435897435897436,0,A
4058,70,070.Green_Violetear,background_mask,70,70,True,69,20.93600845336914,21.755815505981445,0.8198070526123047,0.9782402515411377,0.971101701259613,0.5584415584415584,0,A
4099,71,071.Long_tailed_Jaeger,background_mask,71,71,True,70,2.635744094848633,1.3761978149414062,-1.2595462799072266,0.9435998201370239,0.8924597501754761,0.7511520737327189,0,A
4080,71,071.Long_tailed_Jaeger,background_mask,71,71,True,70,29.564361572265625,33.22476577758789,3.6604042053222656,0.9036418795585632,0.8641030788421631,0.6033755274261603,0,A
4139,72,072.Pomarine_Jaeger,background_mask,72,72,True,71,3.7385079860687256,3.3476243019104004,-0.3908836841583252,0.9091975688934326,0.7203091979026794,0.48,0,B
4163,72,072.Pomarine_Jaeger,background_mask,72,58,False,71,12.461407661437988,-2.112943649291992,-14.57435131072998,0.9398784041404724,0.8696090579032898,0.6157205240174672,0,C
4222,73,073.Blue_Jay,background_mask,73,73,True,72,33.4799919128418,32.226966857910156,-1.2530250549316406,0.9667951464653015,0.940085232257843,0.8604651162790697,0,A
4207,73,073.Blue_Jay,background_mask,73,73,True,72,34.47453308105469,33.83641815185547,-0.6381149291992188,0.9672125577926636,0.9516072273254395,0.8811881188118812,0,A
4312,74,074.Florida_Jay,background_mask,74,54,False,73,3.7856967449188232,-9.123100280761719,-12.908797025680542,0.7603117227554321,0.6782974600791931,0.642512077294686,0,D
4281,74,074.Florida_Jay,background_mask,74,74,True,73,9.669084548950195,9.709405899047852,0.04032135009765625,0.9781878590583801,0.9687033295631409,0.8562874251497006,0,A
4340,75,075.Green_Jay,background_mask,75,75,True,74,24.243976593017578,25.017608642578125,0.7736320495605469,0.9770949482917786,0.96974778175354,0.7674418604651163,0,A
4338,75,075.Green_Jay,background_mask,75,75,True,74,26.80371856689453,23.625606536865234,-3.178112030029297,0.9824598431587219,0.9722810983657837,0.8536585365853658,0,A
4409,76,076.Dark_eyed_Junco,background_mask,76,76,True,75,30.502424240112305,7.2912139892578125,-23.211210250854492,0.7594303488731384,0.5466582179069519,0.49019607843137253,0,B
4419,76,076.Dark_eyed_Junco,background_mask,76,137,False,75,20.031789779663086,-8.548912048339844,-28.58070182800293,0.5661249756813049,0.4059211313724518,0.46153846153846156,0,D
4447,77,077.Tropical_Kingbird,background_mask,77,77,True,76,18.43138885498047,11.990758895874023,-6.440629959106445,0.9823234677314758,0.9751680493354797,0.8032786885245902,0,A
4462,77,077.Tropical_Kingbird,background_mask,77,77,True,76,27.652000427246094,28.00650405883789,0.3545036315917969,0.9887721538543701,0.9850963950157166,0.8994413407821229,0,A
4496,78,078.Gray_Kingbird,background_mask,78,78,True,77,13.9141263961792,9.116973876953125,-4.797152519226074,0.9233182072639465,0.8999536037445068,0.8181818181818182,0,A
4504,78,078.Gray_Kingbird,background_mask,78,78,True,77,23.52022933959961,27.777896881103516,4.257667541503906,0.7025682330131531,0.6455723643302917,0.6521739130434783,0,B
4571,79,079.Belted_Kingfisher,background_mask,79,79,True,78,23.893741607666016,26.279029846191406,2.3852882385253906,0.9275363087654114,0.8812319040298462,0.7006802721088435,0,A
4606,79,079.Belted_Kingfisher,background_mask,79,79,True,78,14.797159194946289,31.092653274536133,16.295494079589844,0.9046558141708374,0.8621731996536255,0.5384615384615384,0,A
4633,80,080.Green_Kingfisher,background_mask,80,79,False,79,22.912296295166016,-7.6151323318481445,-30.52742862701416,0.890728235244751,0.8473923802375793,0.7258883248730964,0,D
4652,80,080.Green_Kingfisher,background_mask,80,79,False,79,5.764898300170898,-1.5493714809417725,-7.314269781112671,0.8388556241989136,0.8042615652084351,0.6535433070866141,0,D
4715,81,081.Pied_Kingfisher,background_mask,81,81,True,80,25.020856857299805,20.362655639648438,-4.658201217651367,0.8701688647270203,0.7505173087120056,0.630901287553648,0,B
4673,81,081.Pied_Kingfisher,background_mask,81,81,True,80,27.000402450561523,26.613182067871094,-0.3872203826904297,0.9629664421081543,0.9336152672767639,0.7272727272727273,0,A
4733,82,082.Ringed_Kingfisher,background_mask,82,79,False,81,4.636792182922363,-6.441170692443848,-11.077962875366211,0.8628134727478027,0.7538315653800964,0.6037735849056604,0,D
4774,82,082.Ringed_Kingfisher,background_mask,82,82,True,81,19.049448013305664,17.653074264526367,-1.3963737487792969,0.8970016241073608,0.8364135026931763,0.7511520737327189,0,B
4846,83,083.White_breasted_Kingfisher,background_mask,83,83,True,82,32.06570816040039,25.136491775512695,-6.929216384887695,0.9288106560707092,0.9127604961395264,0.7194570135746606,0,A
4800,83,083.White_breasted_Kingfisher,background_mask,83,83,True,82,29.34186363220215,19.97726058959961,-9.364603042602539,0.9817497730255127,0.9757903218269348,0.8181818181818182,0,A
4890,84,084.Red_legged_Kittiwake,background_mask,84,84,True,83,15.120302200317383,18.56681251525879,3.4465103149414062,0.9272646307945251,0.8231757879257202,0.7486338797814208,0,A
4865,84,084.Red_legged_Kittiwake,background_mask,84,84,True,83,25.62853240966797,23.333454132080078,-2.2950782775878906,0.9368352293968201,0.8105966448783875,0.49606299212598426,0,B
4932,85,085.Horned_Lark,background_mask,85,85,True,84,30.24016571044922,23.34811019897461,-6.892055511474609,0.9319912195205688,0.9066879153251648,0.7880794701986755,0,A
4962,85,085.Horned_Lark,background_mask,85,85,True,84,21.186702728271484,16.342748641967773,-4.843954086303711,0.87867671251297,0.844248354434967,0.645021645021645,0,B
4978,86,086.Pacific_Loon,background_mask,86,86,True,85,3.9012017250061035,0.26894092559814453,-3.632260799407959,0.8674548864364624,0.6312288045883179,0.4584837545126354,0,B
4966,86,086.Pacific_Loon,background_mask,86,53,False,85,15.670528411865234,-9.20400619506836,-24.874534606933594,0.5880718231201172,0.2701331377029419,0.28378378378378377,0,D
5077,87,087.Mallard,background_mask,87,87,True,86,22.296926498413086,20.309707641601562,-1.9872188568115234,0.9584550857543945,0.9235632419586182,0.7801047120418848,0,A
5060,87,087.Mallard,background_mask,87,87,True,86,13.21727180480957,18.415111541748047,5.197839736938477,0.9401195645332336,0.911589503288269,0.7674418604651163,0,A
5103,88,088.Western_Meadowlark,background_mask,88,88,True,87,27.327043533325195,28.48337173461914,1.1563282012939453,0.6776213049888611,0.5492423176765442,0.6071428571428571,0,B
5140,88,088.Western_Meadowlark,background_mask,88,88,True,87,28.6861629486084,28.07554054260254,-0.6106224060058594,0.9651122689247131,0.9508019089698792,0.8333333333333334,0,A
5156,89,089.Hooded_Merganser,background_mask,89,89,True,88,4.631814956665039,20.875659942626953,16.243844985961914,0.9386133551597595,0.7921798825263977,0.37681159420289856,0,B
5150,89,089.Hooded_Merganser,background_mask,89,89,True,88,28.159143447875977,27.39966583251953,-0.7594776153564453,0.9431415796279907,0.8540032505989075,0.4393939393939394,0,B
5218,90,090.Red_breasted_Merganser,background_mask,90,90,True,89,12.792878150939941,15.76021957397461,2.967341423034668,0.9620205760002136,0.8990679383277893,0.5702479338842975,0,A
5228,90,090.Red_breasted_Merganser,background_mask,90,90,True,89,22.537715911865234,27.267173767089844,4.729457855224609,0.9228856563568115,0.6500331163406372,0.45112781954887216,0,B
5311,91,091.Mockingbird,background_mask,91,91,True,90,27.9179630279541,26.489831924438477,-1.428131103515625,0.8907276391983032,0.7952741384506226,0.5019762845849802,0,B
5293,91,091.Mockingbird,background_mask,91,91,True,90,19.634445190429688,7.057729721069336,-12.576715469360352,0.9318373203277588,0.8524788022041321,0.6981132075471698,0,A
5377,92,092.Nighthawk,background_mask,92,92,True,91,8.45985221862793,13.61044692993164,5.150594711303711,0.9683314561843872,0.9066364169120789,0.7297297297297297,0,A
5372,92,092.Nighthawk,background_mask,92,92,True,91,24.248424530029297,25.929716110229492,1.6812915802001953,0.9523532390594482,0.8300983309745789,0.6326530612244898,0,A
5387,93,093.Clark_Nutcracker,background_mask,93,93,True,92,19.562284469604492,12.636794090270996,-6.925490379333496,0.543201744556427,0.20092597603797913,0.2109375,0,B
5407,93,093.Clark_Nutcracker,background_mask,93,93,True,92,22.31508445739746,21.779632568359375,-0.5354518890380859,0.9347917437553406,0.8923860788345337,0.7708333333333334,0,A
5478,94,094.White_breasted_Nuthatch,background_mask,94,94,True,93,24.747989654541016,25.049531936645508,0.3015422821044922,0.9711123704910278,0.9539826512336731,0.7924528301886793,0,A
5456,94,094.White_breasted_Nuthatch,background_mask,94,94,True,93,14.938790321350098,10.824432373046875,-4.114357948303223,0.9375416040420532,0.9007825255393982,0.7346938775510204,0,A
5552,95,095.Baltimore_Oriole,background_mask,95,95,True,94,18.563425064086914,25.02840805053711,6.464982986450195,0.9133397936820984,0.8929327726364136,0.5384615384615384,0,A
5529,95,095.Baltimore_Oriole,background_mask,95,95,True,94,17.7542724609375,16.583526611328125,-1.170745849609375,0.9937534928321838,0.9906145334243774,0.8269230769230769,0,A
5622,96,096.Hooded_Oriole,background_mask,96,96,True,95,13.373085021972656,16.062074661254883,2.6889896392822266,0.9650101065635681,0.944362998008728,0.8709677419354839,0,A
5623,96,096.Hooded_Oriole,background_mask,96,96,True,95,16.03644371032715,5.947376728057861,-10.089066982269287,0.8900299668312073,0.8595485687255859,0.5573770491803278,0,B
5659,97,097.Orchard_Oriole,background_mask,97,97,True,96,13.417717933654785,14.863113403320312,1.4453954696655273,0.9878586530685425,0.981591522693634,0.8095238095238095,0,A
5665,97,097.Orchard_Oriole,background_mask,97,97,True,96,29.603607177734375,27.939205169677734,-1.6644020080566406,0.9361665844917297,0.9145461916923523,0.7801047120418848,0,A
5692,98,098.Scott_Oriole,background_mask,98,98,True,97,25.58519744873047,23.982162475585938,-1.6030349731445312,0.9795868992805481,0.954764723777771,0.7194570135746606,0,A
5742,98,098.Scott_Oriole,background_mask,98,98,True,97,25.878110885620117,25.37000274658203,-0.5081081390380859,0.986533522605896,0.9785993695259094,0.6239316239316239,0,A
5775,99,099.Ovenbird,background_mask,99,99,True,98,11.790756225585938,11.460217475891113,-0.3305387496948242,0.9409076571464539,0.7631908655166626,0.45,0,B
5767,99,099.Ovenbird,background_mask,99,99,True,98,25.25418472290039,23.10957145690918,-2.144613265991211,0.9480606913566589,0.8434934020042419,0.7021276595744681,0,A
5847,100,100.Brown_Pelican,background_mask,100,100,True,99,16.23807716369629,22.08855438232422,5.85047721862793,0.9630223512649536,0.9502490162849426,0.7194570135746606,0,A
5816,100,100.Brown_Pelican,background_mask,100,100,True,99,29.28008460998535,28.35353660583496,-0.9265480041503906,0.9682124853134155,0.9601340889930725,0.8009478672985783,0,A
5907,101,101.White_Pelican,background_mask,101,101,True,100,24.20621109008789,23.35704231262207,-0.8491687774658203,0.9956150054931641,0.9925315976142883,0.9387755102040817,0,A
5884,101,101.White_Pelican,background_mask,101,101,True,100,28.286487579345703,29.76572036743164,1.4792327880859375,0.9533284902572632,0.9440464973449707,0.8562874251497006,0,A
5924,102,102.Western_Wood_Pewee,background_mask,102,40,False,101,7.029480457305908,-13.916788101196289,-20.946268558502197,0.3474065661430359,0.15674658119678497,0.39664804469273746,0,D
5917,102,102.Western_Wood_Pewee,background_mask,102,102,True,101,25.914562225341797,20.385629653930664,-5.528932571411133,0.6508890390396118,0.474050372838974,0.6161616161616161,0,B
6016,103,103.Sayornis,background_mask,103,103,True,102,3.413620948791504,15.97612190246582,12.562500953674316,0.9224063754081726,0.8763562440872192,0.642512077294686,0,A
6032,103,103.Sayornis,background_mask,103,40,False,102,11.54809284210205,-6.318622589111328,-17.86671543121338,0.7717967629432678,0.7012314200401306,0.6593886462882096,0,D
6038,104,104.American_Pipit,background_mask,104,120,False,103,2.530189275741577,-13.739131927490234,-16.26932120323181,0.8648180365562439,0.5051028728485107,0.39344262295081966,0,D
6055,104,104.American_Pipit,background_mask,104,115,False,103,0.9484024047851562,-5.071077346801758,-6.019479751586914,0.68321293592453,0.5148003101348877,0.5533980582524272,0,D
6098,105,105.Whip_poor_Will,background_mask,105,105,True,104,12.647974967956543,18.019208908081055,5.371233940124512,0.9112235903739929,0.6671585440635681,0.4107883817427386,0,B
6141,105,105.Whip_poor_Will,background_mask,105,105,True,104,22.936874389648438,30.075069427490234,7.138195037841797,0.9011667370796204,0.6988236904144287,0.4074074074074074,0,B
6152,106,106.Horned_Puffin,background_mask,106,106,True,105,29.6893253326416,23.93569564819336,-5.753629684448242,0.8621014356613159,0.5626989603042603,0.3103448275862069,0,B
6148,106,106.Horned_Puffin,background_mask,106,106,True,105,19.419015884399414,18.54506492614746,-0.8739509582519531,0.835569441318512,0.5673041343688965,0.39705882352941174,0,B
6225,107,107.Common_Raven,background_mask,107,107,True,106,7.471309185028076,11.108725547790527,3.637416362762451,0.7996816635131836,0.5884243249893188,0.5079365079365079,0,B
6212,107,107.Common_Raven,background_mask,107,108,False,106,5.84976053237915,-24.48668670654297,-30.33644723892212,0.6625511646270752,0.5910426378250122,0.4222222222222222,0,D
6308,108,108.White_necked_Raven,background_mask,108,108,True,107,20.976924896240234,25.716670989990234,4.73974609375,0.892232358455658,0.8662731051445007,0.4166666666666667,0,B
6266,108,108.White_necked_Raven,background_mask,108,108,True,107,8.51870059967041,13.037672996520996,4.518972396850586,0.9169907569885254,0.8954541087150574,0.7431192660550459,0,A
6380,109,109.American_Redstart,background_mask,109,109,True,108,20.3613338470459,26.706146240234375,6.344812393188477,0.9246413707733154,0.8842589855194092,0.8719211822660099,0,A
6344,109,109.American_Redstart,background_mask,109,109,True,108,30.739131927490234,27.198244094848633,-3.5408878326416016,0.9637606143951416,0.9238173365592957,0.8446601941747572,0,A
6389,110,110.Geococcyx,background_mask,110,110,True,109,20.517547607421875,20.479793548583984,-0.037754058837890625,0.9797172546386719,0.9639782905578613,0.7766497461928934,0,A
6419,110,110.Geococcyx,background_mask,110,110,True,109,25.7310733795166,21.925643920898438,-3.805429458618164,0.949577271938324,0.7635574340820312,0.5111111111111111,0,A
6454,111,111.Loggerhead_Shrike,background_mask,111,111,True,110,24.282306671142578,25.568096160888672,1.2857894897460938,0.938539981842041,0.8800134062767029,0.7021276595744681,0,A
6451,111,111.Loggerhead_Shrike,background_mask,111,112,False,110,23.03240394592285,-10.818502426147461,-33.85090637207031,0.6647241115570068,0.531202495098114,0.52,0,D
6521,112,112.Great_Grey_Shrike,background_mask,112,112,True,111,12.61840534210205,9.602827072143555,-3.015578269958496,0.9459593892097473,0.889985203742981,0.639344262295082,0,A
6541,112,112.Great_Grey_Shrike,background_mask,112,112,True,111,17.77810287475586,22.916059494018555,5.137956619262695,0.7541733384132385,0.6573114395141602,0.45098039215686275,0,B
6579,113,113.Baird_Sparrow,background_mask,113,113,True,112,22.425445556640625,20.87518310546875,-1.550262451171875,0.9636843800544739,0.7903251051902771,0.44680851063829785,0,B
6595,113,113.Baird_Sparrow,background_mask,113,131,False,112,21.188446044921875,-1.8808879852294922,-23.069334030151367,0.9431291818618774,0.6220017671585083,0.34545454545454546,0,D
6613,114,114.Black_throated_Sparrow,background_mask,114,114,True,113,26.65377426147461,31.61591148376465,4.962137222290039,0.896876871585846,0.6946607828140259,0.41263940520446096,0,B
6665,114,114.Black_throated_Sparrow,background_mask,114,114,True,113,24.84219741821289,29.364864349365234,4.522666931152344,0.7693690657615662,0.48753443360328674,0.47465437788018433,0,B
6707,115,115.Brewer_Sparrow,background_mask,115,115,True,114,24.500558853149414,5.325517177581787,-19.175041675567627,0.717330813407898,0.33638304471969604,0.34275618374558303,0,B
6693,115,115.Brewer_Sparrow,background_mask,115,115,True,114,27.826629638671875,27.235755920410156,-0.5908737182617188,0.6359493732452393,0.3104190528392792,0.288135593220339,0,B
6750,116,116.Chipping_Sparrow,background_mask,116,116,True,115,14.729730606079102,15.917326927185059,1.187596321105957,0.8717913627624512,0.8191444277763367,0.5740740740740741,0,B
6748,116,116.Chipping_Sparrow,background_mask,116,116,True,115,13.592022895812988,18.502349853515625,4.910326957702637,0.8564087748527527,0.6592445373535156,0.5079365079365079,0,B
6842,117,117.Clay_colored_Sparrow,background_mask,117,121,False,116,13.279253005981445,-4.5570878982543945,-17.83634090423584,0.6627374291419983,0.5362852811813354,0.5111111111111111,0,D
6844,117,117.Clay_colored_Sparrow,background_mask,117,117,True,116,15.728410720825195,7.0799880027771,-8.648422718048096,0.772114634513855,0.6014237999916077,0.37362637362637363,0,B
6881,118,118.House_Sparrow,background_mask,118,118,True,117,14.832210540771484,21.661209106445312,6.828998565673828,0.9487848281860352,0.8869935870170593,0.7004048582995951,0,A
6855,118,118.House_Sparrow,background_mask,118,118,True,117,9.803263664245605,12.870955467224121,3.0676918029785156,0.8675858378410339,0.7016119360923767,0.46153846153846156,0,B
6966,119,119.Field_Sparrow,background_mask,119,119,True,118,23.847259521484375,18.022323608398438,-5.8249359130859375,0.9721559882164001,0.9212490916252136,0.7880794701986755,0,A
6936,119,119.Field_Sparrow,background_mask,119,119,True,118,26.40496253967285,25.87822723388672,-0.5267353057861328,0.9723271131515503,0.9407864809036255,0.8367346938775511,0,A
7018,120,120.Fox_Sparrow,background_mask,120,120,True,119,16.17671775817871,20.016834259033203,3.840116500854492,0.8959366679191589,0.6854375004768372,0.5469613259668509,0,B
7026,120,120.Fox_Sparrow,background_mask,120,120,True,119,24.014253616333008,23.43343162536621,-0.5808219909667969,0.9234589338302612,0.7598897218704224,0.6600790513833992,0,A
7064,121,121.Grasshopper_Sparrow,background_mask,121,121,True,120,12.448080062866211,15.315213203430176,2.867133140563965,0.8905595541000366,0.522408664226532,0.2857142857142857,0,B
7067,121,121.Grasshopper_Sparrow,background_mask,121,121,True,120,3.4886512756347656,23.602827072143555,20.11417579650879,0.8739089369773865,0.6815783977508545,0.5139442231075697,0,B
7105,122,122.Harris_Sparrow,background_mask,122,122,True,121,29.2413272857666,7.322294235229492,-21.91903305053711,0.8951748609542847,0.6395558714866638,0.3425925925925926,0,B
7112,122,122.Harris_Sparrow,background_mask,122,120,False,121,13.060450553894043,-4.427122116088867,-17.48757266998291,0.8118441104888916,0.5386760234832764,0.3821138211382114,0,D
7199,123,123.Henslow_Sparrow,background_mask,123,123,True,122,4.337003231048584,5.586184978485107,1.2491817474365234,0.8126692175865173,0.5281293988227844,0.4673913043478261,0,B
7160,123,123.Henslow_Sparrow,background_mask,123,123,True,122,11.748690605163574,20.92669105529785,9.178000450134277,0.9002847075462341,0.6186749935150146,0.35135135135135137,0,B
7240,124,124.Le_Conte_Sparrow,background_mask,124,124,True,123,22.302391052246094,21.419904708862305,-0.8824863433837891,0.9111541509628296,0.6459213495254517,0.5865384615384616,0,A
7228,124,124.Le_Conte_Sparrow,background_mask,124,124,True,123,4.652374744415283,18.135589599609375,13.483214855194092,0.9061309099197388,0.802459180355072,0.5789473684210527,0,A
7271,125,125.Lincoln_Sparrow,background_mask,125,123,False,124,19.773609161376953,-15.376269340515137,-35.14987850189209,0.8538540601730347,0.5029857754707336,0.31086142322097376,0,D
7321,125,125.Lincoln_Sparrow,background_mask,125,129,False,124,21.1363525390625,-0.5204367637634277,-21.656789302825928,0.8828080296516418,0.5286954045295715,0.4462809917355372,0,D
7346,126,126.Nelson_Sharp_tailed_Sparrow,background_mask,126,128,False,125,0.08146190643310547,-10.876538276672363,-10.958000183105469,0.8338639736175537,0.6492199301719666,0.44144144144144143,0,D
7374,126,126.Nelson_Sharp_tailed_Sparrow,background_mask,126,126,True,125,15.59169864654541,11.119012832641602,-4.472685813903809,0.9062650799751282,0.6209630370140076,0.47186147186147187,0,B
7400,127,127.Savannah_Sparrow,background_mask,127,127,True,126,20.84872055053711,22.636911392211914,1.7881908416748047,0.7712726593017578,0.5428234934806824,0.3013698630136986,0,B
7388,127,127.Savannah_Sparrow,background_mask,127,127,True,126,17.970935821533203,18.657100677490234,0.6861648559570312,0.8950456380844116,0.821433424949646,0.7040358744394619,0,B
7463,128,128.Seaside_Sparrow,background_mask,128,128,True,127,21.61480140686035,21.770286560058594,0.1554851531982422,0.8914370536804199,0.3915865123271942,0.20634920634920634,0,B
7454,128,128.Seaside_Sparrow,background_mask,128,128,True,127,27.750911712646484,20.725393295288086,-7.025518417358398,0.8480189442634583,0.3375457525253296,0.2751677852348993,0,B
7518,129,129.Song_Sparrow,background_mask,129,150,False,128,15.993522644042969,-1.9469046592712402,-17.94042730331421,0.7608060836791992,0.4382086992263794,0.3402777777777778,0,D
7532,129,129.Song_Sparrow,background_mask,129,129,True,128,22.0725154876709,28.286827087402344,6.214311599731445,0.9667133092880249,0.9290037155151367,0.6949152542372882,0,A
7589,130,130.Tree_Sparrow,background_mask,130,118,False,129,12.159111022949219,-9.392043113708496,-21.551154136657715,0.8298109173774719,0.7249898314476013,0.36200716845878134,0,D
7606,130,130.Tree_Sparrow,background_mask,130,130,True,129,13.790300369262695,13.248628616333008,-0.5416717529296875,0.8276827931404114,0.6992142200469971,0.41379310344827586,0,B
7674,131,131.Vesper_Sparrow,background_mask,131,131,True,130,15.239531517028809,16.768085479736328,1.5285539627075195,0.8682987689971924,0.659957766532898,0.5384615384615384,0,B
7640,131,131.Vesper_Sparrow,background_mask,131,120,False,130,4.652647495269775,-16.33627700805664,-20.988924503326416,0.8967424035072327,0.8442293405532837,0.8435754189944135,0,D
7693,132,132.White_crowned_Sparrow,background_mask,132,132,True,131,21.132461547851562,13.900075912475586,-7.232385635375977,0.7776460647583008,0.32224318385124207,0.27946127946127947,0,B
7730,132,132.White_crowned_Sparrow,background_mask,132,132,True,131,17.05087661743164,11.589487075805664,-5.461389541625977,0.9416053295135498,0.797745943069458,0.5261044176706827,0,A
7783,133,133.White_throated_Sparrow,background_mask,133,133,True,132,28.086654663085938,17.190526962280273,-10.896127700805664,0.8000326156616211,0.5138017535209656,0.2111801242236025,0,B
7753,133,133.White_throated_Sparrow,background_mask,133,133,True,132,17.756515502929688,23.494281768798828,5.737766265869141,0.9137381911277771,0.6986873149871826,0.3761467889908257,0,B
7849,134,134.Cape_Glossy_Starling,background_mask,134,134,True,133,17.356033325195312,20.05877685546875,2.7027435302734375,0.98489910364151,0.9814523458480835,0.7085427135678392,0,A
7839,134,134.Cape_Glossy_Starling,background_mask,134,134,True,133,15.760668754577637,18.431955337524414,2.6712865829467773,0.9920003414154053,0.9895092248916626,0.8378378378378378,0,A
7918,135,135.Bank_Swallow,background_mask,135,135,True,134,5.377594947814941,5.0059123039245605,-0.37168264389038086,0.7540478110313416,0.5649010539054871,0.4977973568281938,0,B
7888,135,135.Bank_Swallow,background_mask,135,135,True,134,28.517993927001953,28.421920776367188,-0.09607315063476562,0.8253057599067688,0.6986678242683411,0.4074074074074074,0,B
7978,136,136.Barn_Swallow,background_mask,136,136,True,135,33.18965530395508,31.73733139038086,-1.4523239135742188,0.835964560508728,0.5307565331459045,0.36200716845878134,0,B
7981,136,136.Barn_Swallow,background_mask,136,136,True,135,20.998491287231445,27.676555633544922,6.678064346313477,0.8731513023376465,0.67938631772995,0.5178571428571429,0,B
8030,137,137.Cliff_Swallow,background_mask,137,137,True,136,19.5705509185791,20.96395492553711,1.3934040069580078,0.9232072830200195,0.8331671357154846,0.6101694915254238,0,A
7989,137,137.Cliff_Swallow,background_mask,137,137,True,136,9.37457275390625,2.4071922302246094,-6.967380523681641,0.9008036851882935,0.8628796935081482,0.45,0,B
8091,138,138.Tree_Swallow,background_mask,138,138,True,137,12.3919677734375,18.06308937072754,5.671121597290039,0.9841915369033813,0.9735559225082397,0.8905472636815921,0,A
8071,138,138.Tree_Swallow,background_mask,138,138,True,137,27.54616928100586,24.714122772216797,-2.8320465087890625,0.9216755032539368,0.8728309273719788,0.6585365853658537,0,A
8164,139,139.Scarlet_Tanager,background_mask,139,139,True,138,21.549118041992188,19.276342391967773,-2.272775650024414,0.960722804069519,0.9429691433906555,0.8357487922705314,0,A
8122,139,139.Scarlet_Tanager,background_mask,139,139,True,138,28.255706787109375,19.349777221679688,-8.905929565429688,0.910454273223877,0.8875398635864258,0.6438356164383562,0,A
8213,140,140.Summer_Tanager,background_mask,140,140,True,139,31.142581939697266,31.39467430114746,0.2520923614501953,0.9738826751708984,0.97092205286026,0.5714285714285714,0,A
8207,140,140.Summer_Tanager,background_mask,140,140,True,139,31.086917877197266,30.323898315429688,-0.7630195617675781,0.9836417436599731,0.9817307591438293,0.5573770491803278,0,A
8246,141,141.Artic_Tern,background_mask,141,141,True,140,20.62529945373535,14.137933731079102,-6.48736572265625,0.9142034649848938,0.8970596790313721,0.6888888888888889,0,A
8262,141,141.Artic_Tern,background_mask,141,141,True,140,23.16030502319336,19.8619384765625,-3.2983665466308594,0.9594650864601135,0.9524897933006287,0.9095477386934674,0,A
8293,142,142.Black_Tern,background_mask,142,142,True,141,13.712383270263672,17.65132713317871,3.938943862915039,0.9649277329444885,0.9384878277778625,0.8518518518518519,0,A
8298,142,142.Black_Tern,background_mask,142,79,False,141,20.086902618408203,-1.7282252311706543,-21.815127849578857,0.8831990957260132,0.8391700387001038,0.7241379310344828,0,D
8389,143,143.Caspian_Tern,background_mask,143,143,True,142,24.591629028320312,22.17138671875,-2.4202423095703125,0.9489393830299377,0.9369998574256897,0.8656716417910447,0,A
8356,143,143.Caspian_Tern,background_mask,143,143,True,142,26.769819259643555,25.062658309936523,-1.7071609497070312,0.9422498345375061,0.923398494720459,0.8181818181818182,0,A
8446,144,144.Common_Tern,background_mask,144,144,True,143,19.877120971679688,20.878835678100586,1.0017147064208984,0.9780756831169128,0.9256570935249329,0.7272727272727273,0,A
8420,144,144.Common_Tern,background_mask,144,144,True,143,20.793964385986328,18.108919143676758,-2.6850452423095703,0.9643702507019043,0.931094229221344,0.4084507042253521,0,B
8509,145,145.Elegant_Tern,background_mask,145,145,True,144,13.18236255645752,18.831968307495117,5.649605751037598,0.9898003339767456,0.9871928691864014,0.9587628865979382,0,A
8488,145,145.Elegant_Tern,background_mask,145,143,False,144,2.781942844390869,-13.19904899597168,-15.980991840362549,0.7578966617584229,0.7172163128852844,0.6666666666666666,0,D
8555,146,146.Forsters_Tern,background_mask,146,146,True,145,16.099802017211914,22.359920501708984,6.26011848449707,0.7902944684028625,0.5725194215774536,0.3857677902621723,0,B
8542,146,146.Forsters_Tern,background_mask,146,146,True,145,15.99658203125,20.72461700439453,4.728034973144531,0.9204208850860596,0.8363741636276245,0.6666666666666666,0,A
8634,147,147.Least_Tern,background_mask,147,141,False,146,4.282415866851807,-3.1668143272399902,-7.449230194091797,0.9285672903060913,0.9038015007972717,0.8703703703703703,0,C
8595,147,147.Least_Tern,background_mask,147,147,True,146,27.71410369873047,28.221477508544922,0.5073738098144531,0.9572886228561401,0.9442787170410156,0.8181818181818182,0,A
8680,148,148.Green_tailed_Towhee,background_mask,148,148,True,147,13.352438926696777,5.166015625,-8.186423301696777,0.9086627960205078,0.739483118057251,0.5337423312883436,0,A
8697,148,148.Green_tailed_Towhee,background_mask,148,48,False,147,9.558064460754395,-1.641552209854126,-11.19961667060852,0.6369932889938354,0.5182197093963623,0.52,0,D
8739,149,149.Brown_Thrasher,background_mask,149,149,True,148,21.092910766601562,28.04418182373047,6.951271057128906,0.8740921020507812,0.7842631340026855,0.5079365079365079,0,B
8713,149,149.Brown_Thrasher,background_mask,149,149,True,148,27.818477630615234,25.455810546875,-2.3626670837402344,0.6897298693656921,0.5742908120155334,0.45374449339207046,0,B
8797,150,150.Sage_Thrasher,background_mask,150,150,True,149,28.541706085205078,19.14055061340332,-9.401155471801758,0.8154866099357605,0.5995029807090759,0.5813953488372093,0,B
8784,150,150.Sage_Thrasher,background_mask,150,150,True,149,30.097713470458984,27.958145141601562,-2.139568328857422,0.9843212366104126,0.9529909491539001,0.7679558011049724,0,A
8857,151,151.Black_capped_Vireo,background_mask,151,151,True,150,25.372060775756836,27.1634521484375,1.791391372680664,0.9232779741287231,0.8780614733695984,0.6517857142857143,0,A
8846,151,151.Black_capped_Vireo,background_mask,151,151,True,150,12.143327713012695,8.501180648803711,-3.6421470642089844,0.8319789171218872,0.7679321765899658,0.46153846153846156,0,B
8921,152,152.Blue_headed_Vireo,background_mask,152,152,True,151,25.250167846679688,13.841473579406738,-11.40869426727295,0.7765066623687744,0.5558473467826843,0.4785992217898833,0,B
8932,152,152.Blue_headed_Vireo,background_mask,152,152,True,151,15.586795806884766,8.515867233276367,-7.070928573608398,0.6008068323135376,0.43160510063171387,0.4566929133858268,0,B
8976,153,153.Philadelphia_Vireo,background_mask,153,153,True,152,27.55510711669922,1.4624207019805908,-26.092686414718628,0.876874566078186,0.7604953646659851,0.5948275862068966,0,B
8956,153,153.Philadelphia_Vireo,background_mask,153,37,False,152,1.658918857574463,-9.460311889648438,-11.1192307472229,0.6960469484329224,0.5293896198272705,0.3684210526315789,0,D
8998,154,154.Red_eyed_Vireo,background_mask,154,154,True,153,25.591678619384766,24.32530403137207,-1.2663745880126953,0.6417660713195801,0.5468471646308899,0.5899581589958159,0,B
9033,154,154.Red_eyed_Vireo,background_mask,154,154,True,153,31.926597595214844,19.873493194580078,-12.053104400634766,0.9294652342796326,0.8797208070755005,0.6814159292035398,0,A
9095,155,155.Warbling_Vireo,background_mask,155,155,True,154,27.489809036254883,25.477001190185547,-2.012807846069336,0.870485782623291,0.7861775159835815,0.6593886462882096,0,B
9111,155,155.Warbling_Vireo,background_mask,155,37,False,154,20.048532485961914,-10.56764030456543,-30.616172790527344,0.895560622215271,0.8746329545974731,0.46153846153846156,0,D
9127,156,156.White_eyed_Vireo,background_mask,156,156,True,155,10.462067604064941,17.682172775268555,7.220105171203613,0.9247941970825195,0.8363193273544312,0.6299559471365639,0,A
9159,156,156.White_eyed_Vireo,background_mask,156,156,True,155,19.852005004882812,19.74549674987793,-0.10650825500488281,0.8697943687438965,0.7242412567138672,0.46153846153846156,0,B
9229,157,157.Yellow_throated_Vireo,background_mask,157,175,False,156,7.268547058105469,-0.683591365814209,-7.952138423919678,0.9492090344429016,0.9445837140083313,0.6071428571428571,0,C
9217,157,157.Yellow_throated_Vireo,background_mask,157,157,True,156,20.676605224609375,20.047786712646484,-0.6288185119628906,0.7161223888397217,0.5365315079689026,0.5151515151515151,0,B
9250,158,158.Bay_breasted_Warbler,background_mask,158,158,True,157,30.723861694335938,13.65145492553711,-17.072406768798828,0.8382222056388855,0.6469408869743347,0.4883720930232558,0,B
9239,158,158.Bay_breasted_Warbler,background_mask,158,158,True,157,23.849498748779297,16.119873046875,-7.729625701904297,0.6001773476600647,0.4594406187534332,0.484375,0,B
9343,159,159.Black_and_white_Warbler,background_mask,159,28,False,158,3.1725597381591797,-20.876508712768555,-24.049068450927734,0.807462215423584,0.6843842267990112,0.3669064748201439,0,D
9334,159,159.Black_and_white_Warbler,background_mask,159,159,True,158,32.055599212646484,27.43842315673828,-4.617176055908203,0.9329671859741211,0.8453360199928284,0.5217391304347826,0,A
9407,160,160.Black_throated_Blue_Warbler,background_mask,160,160,True,159,23.87105369567871,29.982593536376953,6.111539840698242,0.8931942582130432,0.7891960144042969,0.5789473684210527,0,B
9377,160,160.Black_throated_Blue_Warbler,background_mask,160,160,True,159,19.86529541015625,30.305435180664062,10.440139770507812,0.8849068880081177,0.7961391806602478,0.6326530612244898,0,B
9467,161,161.Blue_winged_Warbler,background_mask,161,161,True,160,17.351116180419922,20.104156494140625,2.753040313720703,0.9899283051490784,0.9851102828979492,0.8357487922705314,0,A
9466,161,161.Blue_winged_Warbler,background_mask,161,161,True,160,16.33135223388672,7.773421764373779,-8.55793046951294,0.2974475622177124,0.2000764161348343,0.3333333333333333,0,B
9472,162,162.Canada_Warbler,background_mask,162,162,True,161,11.362088203430176,8.399476051330566,-2.9626121520996094,0.9591264724731445,0.9426888823509216,0.6243654822335025,0,A
9486,162,162.Canada_Warbler,background_mask,162,162,True,161,11.42194938659668,10.663416862487793,-0.7585325241088867,0.995760440826416,0.9934862852096558,0.8134715025906736,0,A
9541,163,163.Cape_May_Warbler,background_mask,163,163,True,162,17.11935043334961,6.900139331817627,-10.219211101531982,0.8293386697769165,0.620769202709198,0.3127413127413127,0,B
9586,163,163.Cape_May_Warbler,background_mask,163,163,True,162,13.817291259765625,21.950115203857422,8.132823944091797,0.9630663990974426,0.955277144908905,0.2676056338028169,0,B
9602,164,164.Cerulean_Warbler,background_mask,164,164,True,163,34.4873046875,31.808300018310547,-2.679004669189453,0.8792022466659546,0.6894820928573608,0.3983050847457627,0,B
9599,164,164.Cerulean_Warbler,background_mask,164,164,True,163,24.809921264648438,31.409948348999023,6.600027084350586,0.6667745113372803,0.3660566806793213,0.28378378378378377,0,B
9692,165,165.Chestnut_sided_Warbler,background_mask,165,165,True,164,27.07396125793457,24.436124801635742,-2.637836456298828,0.9393352270126343,0.8980402946472168,0.5702479338842975,0,A
9696,165,165.Chestnut_sided_Warbler,background_mask,165,165,True,164,26.148597717285156,24.499740600585938,-1.6488571166992188,0.7947742342948914,0.6143894791603088,0.4785992217898833,0,B
9761,166,166.Golden_winged_Warbler,background_mask,166,166,True,165,30.754287719726562,27.27047348022461,-3.483814239501953,0.8994966745376587,0.7741695046424866,0.5833333333333334,0,B
9744,166,166.Golden_winged_Warbler,background_mask,166,166,True,165,27.695877075195312,30.18179702758789,2.485919952392578,0.9298297762870789,0.860967218875885,0.6901408450704225,0,A
9800,167,167.Hooded_Warbler,background_mask,167,167,True,166,16.19570541381836,15.355438232421875,-0.8402671813964844,0.9883812069892883,0.9839149713516235,0.893491124260355,0,A
9807,167,167.Hooded_Warbler,background_mask,167,167,True,166,2.0037736892700195,7.009812355041504,5.006038665771484,0.9898986220359802,0.9868659973144531,0.8309859154929577,0,A
9832,168,168.Kentucky_Warbler,background_mask,168,168,True,167,24.746685028076172,28.845531463623047,4.098846435546875,0.9770210385322571,0.9732899069786072,0.5966386554621849,0,A
9872,168,168.Kentucky_Warbler,background_mask,168,168,True,167,29.46424102783203,27.418800354003906,-2.045440673828125,0.9828987121582031,0.9781493544578552,0.8085106382978723,0,A
9917,169,169.Magnolia_Warbler,background_mask,169,169,True,168,29.825233459472656,27.270198822021484,-2.555034637451172,0.9678520560264587,0.9582659602165222,0.5492957746478874,0,A
9891,169,169.Magnolia_Warbler,background_mask,169,169,True,168,25.774547576904297,25.562183380126953,-0.21236419677734375,0.9742254018783569,0.9590039849281311,0.6593886462882096,0,A
9993,170,170.Mourning_Warbler,background_mask,170,170,True,169,19.746044158935547,23.127124786376953,3.3810806274414062,0.9387221932411194,0.9221594333648682,0.6379310344827587,0,A
9983,170,170.Mourning_Warbler,background_mask,170,170,True,169,25.8172607421875,24.673221588134766,-1.1440391540527344,0.8939386606216431,0.8623987436294556,0.6410256410256411,0,B
10032,171,171.Myrtle_Warbler,background_mask,171,171,True,170,21.432374954223633,19.50348472595215,-1.9288902282714844,0.9294165372848511,0.8661704659461975,0.8181818181818182,0,A
10048,171,171.Myrtle_Warbler,background_mask,171,171,True,170,23.629924774169922,22.826820373535156,-0.8031044006347656,0.9220125079154968,0.8607506155967712,0.6037735849056604,0,A
10110,172,172.Nashville_Warbler,background_mask,172,172,True,171,25.7125186920166,15.855701446533203,-9.856817245483398,0.9387862682342529,0.8788313865661621,0.6379310344827587,0,A
10069,172,172.Nashville_Warbler,background_mask,172,172,True,171,14.723304748535156,16.521053314208984,1.7977485656738281,0.7833791971206665,0.6949864625930786,0.3935018050541516,0,B
10187,173,173.Orange_crowned_Warbler,background_mask,173,173,True,172,14.37186336517334,7.934125900268555,-6.437737464904785,0.8573140501976013,0.5519524812698364,0.4222222222222222,0,B
10164,173,173.Orange_crowned_Warbler,background_mask,173,173,True,172,3.1897449493408203,0.11546897888183594,-3.0742759704589844,0.8755484223365784,0.5130107402801514,0.25984251968503935,0,B
10205,174,174.Palm_Warbler,background_mask,174,174,True,173,6.676051616668701,10.445734977722168,3.769683361053467,0.9416767358779907,0.9183166027069092,0.5573770491803278,0,A
10222,174,174.Palm_Warbler,background_mask,174,174,True,173,26.866079330444336,17.93511962890625,-8.930959701538086,0.6982388496398926,0.41582462191581726,0.4453125,0,B
10257,175,175.Pine_Warbler,background_mask,175,175,True,174,12.125956535339355,19.07513999938965,6.949183464050293,0.9048570990562439,0.866472065448761,0.47410358565737054,0,B
10279,175,175.Pine_Warbler,background_mask,175,175,True,174,11.248039245605469,16.77480125427246,5.526762008666992,0.9748586416244507,0.9534391164779663,0.6363636363636364,0,A
10320,176,176.Prairie_Warbler,background_mask,176,176,True,175,24.119674682617188,22.68928337097168,-1.4303913116455078,0.9928221106529236,0.9893542528152466,0.784037558685446,0,A
10358,176,176.Prairie_Warbler,background_mask,176,176,True,175,22.11625099182129,22.711688995361328,0.5954380035400391,0.9760841131210327,0.9703397750854492,0.6666666666666666,0,A
10385,177,177.Prothonotary_Warbler,background_mask,177,177,True,176,22.036548614501953,18.620227813720703,-3.41632080078125,0.9929120540618896,0.9921627044677734,0.7857142857142857,0,A
10387,177,177.Prothonotary_Warbler,background_mask,177,177,True,176,11.530733108520508,13.017374038696289,1.4866409301757812,0.9510595798492432,0.9327536821365356,0.6587677725118484,0,A
10475,178,178.Swainson_Warbler,background_mask,178,178,True,177,25.1152286529541,6.067904472351074,-19.047324180603027,0.895884096622467,0.8591760993003845,0.5899581589958159,0,B
10465,178,178.Swainson_Warbler,background_mask,178,178,True,177,18.862655639648438,26.625293731689453,7.762638092041016,0.9643781185150146,0.9252556562423706,0.7004830917874396,0,A
10494,179,179.Tennessee_Warbler,background_mask,179,174,False,178,17.725860595703125,-14.075239181518555,-31.80109977722168,0.6601695418357849,0.4015982151031494,0.415929203539823,0,D
10529,179,179.Tennessee_Warbler,background_mask,179,98,False,178,0.31751155853271484,-2.747157096862793,-3.064668655395508,0.27354443073272705,0.08851394057273865,0.24203821656050956,0,D
10568,180,180.Wilson_Warbler,background_mask,180,180,True,179,15.762392044067383,14.972166061401367,-0.7902259826660156,0.9519725441932678,0.9465386867523193,0.48148148148148145,0,B
10576,180,180.Wilson_Warbler,background_mask,180,180,True,179,0.8781925439834595,2.1220593452453613,1.2438668012619019,0.9212163686752319,0.8537352681159973,0.7117117117117117,0,A
10618,181,181.Worm_eating_Warbler,background_mask,181,181,True,180,24.190481185913086,14.045455932617188,-10.145025253295898,0.934647262096405,0.818177342414856,0.5920398009950248,0,A
10621,181,181.Worm_eating_Warbler,background_mask,181,181,True,180,16.590295791625977,14.343772888183594,-2.246522903442383,0.9672229290008545,0.9300898313522339,0.8099547511312217,0,A
10671,182,182.Yellow_Warbler,background_mask,182,176,False,181,16.71001625061035,-1.321279525756836,-18.031295776367188,0.8729179501533508,0.8642690181732178,0.42857142857142855,0,D
10672,182,182.Yellow_Warbler,background_mask,182,175,False,181,11.498381614685059,-1.6226520538330078,-13.121033668518066,0.8925005197525024,0.8542466163635254,0.5384615384615384,0,D
10733,183,183.Northern_Waterthrush,background_mask,183,183,True,182,18.219709396362305,15.818452835083008,-2.401256561279297,0.7547094225883484,0.30929243564605713,0.3389121338912134,0,B
10740,183,183.Northern_Waterthrush,background_mask,183,129,False,182,2.10552978515625,-0.8429803848266602,-2.94851016998291,0.9310775995254517,0.9064951539039612,0.45161290322580644,0,D
10825,184,184.Louisiana_Waterthrush,background_mask,184,184,True,183,19.939302444458008,17.820615768432617,-2.1186866760253906,0.9702948331832886,0.8977301716804504,0.5517241379310345,0,A
10811,184,184.Louisiana_Waterthrush,background_mask,184,184,True,183,11.467620849609375,4.707554817199707,-6.760066032409668,0.846541166305542,0.3540846109390259,0.21359223300970873,0,B
10866,185,185.Bohemian_Waxwing,background_mask,185,185,True,184,23.861907958984375,17.97190284729004,-5.890005111694336,0.9204229116439819,0.862492024898529,0.5525114155251142,0,A
10886,185,185.Bohemian_Waxwing,background_mask,185,185,True,184,32.961402893066406,34.072021484375,1.1106185913085938,0.7730265855789185,0.6518058180809021,0.5019762845849802,0,B
10925,186,186.Cedar_Waxwing,background_mask,186,186,True,185,31.75452995300293,30.370807647705078,-1.3837223052978516,0.8380951285362244,0.7133718729019165,0.5637860082304527,0,B
10911,186,186.Cedar_Waxwing,background_mask,186,186,True,185,20.520605087280273,24.510684967041016,3.990079879760742,0.8517420291900635,0.7246809601783752,0.5533980582524272,0,B
10981,187,187.American_Three_toed_Woodpecker,background_mask,187,187,True,186,21.840316772460938,25.453502655029297,3.6131858825683594,0.964013934135437,0.8996042609214783,0.7482517482517482,0,A
10993,187,187.American_Three_toed_Woodpecker,background_mask,187,187,True,186,17.83384895324707,5.180136680603027,-12.653712272644043,0.8792339563369751,0.7444344162940979,0.4448669201520912,0,B
11039,188,188.Pileated_Woodpecker,background_mask,188,188,True,187,24.926828384399414,21.1339111328125,-3.792917251586914,0.8777645230293274,0.6924087405204773,0.48760330578512395,0,B
11066,188,188.Pileated_Woodpecker,background_mask,188,188,True,187,23.260292053222656,27.468399047851562,4.208106994628906,0.8409844636917114,0.413563996553421,0.3438735177865613,0,B
11115,189,189.Red_bellied_Woodpecker,background_mask,189,189,True,188,22.506210327148438,24.21910858154297,1.7128982543945312,0.9432328939437866,0.8637374043464661,0.6770186335403726,0,A
11103,189,189.Red_bellied_Woodpecker,background_mask,189,189,True,188,25.053186416625977,23.94418716430664,-1.108999252319336,0.9555534720420837,0.8951920866966248,0.7391304347826086,0,A
11136,190,190.Red_cockaded_Woodpecker,background_mask,190,190,True,189,22.241779327392578,21.010669708251953,-1.231109619140625,0.9859473705291748,0.9466994404792786,0.7777777777777778,0,A
11142,190,190.Red_cockaded_Woodpecker,background_mask,190,190,True,189,19.085237503051758,19.904386520385742,0.8191490173339844,0.9768872261047363,0.880986750125885,0.6239316239316239,0,A
11241,191,191.Red_headed_Woodpecker,background_mask,191,191,True,190,4.296914100646973,2.86590576171875,-1.4310083389282227,0.7425661087036133,0.40954795479774475,0.31004366812227074,0,B
11234,191,191.Red_headed_Woodpecker,background_mask,191,191,True,190,25.60769271850586,31.28299331665039,5.675300598144531,0.8526948094367981,0.6174770593643188,0.4457831325301205,0,B
11297,192,192.Downy_Woodpecker,background_mask,192,192,True,191,27.15342140197754,24.118066787719727,-3.0353546142578125,0.942277193069458,0.8864449262619019,0.7435897435897436,0,A
11275,192,192.Downy_Woodpecker,background_mask,192,192,True,191,24.244375228881836,13.761948585510254,-10.482426643371582,0.9457688331604004,0.8708107471466064,0.6224899598393574,0,A
11318,193,193.Bewick_Wren,background_mask,193,198,False,192,3.5603322982788086,-11.506269454956055,-15.066601753234863,0.8705465197563171,0.79535311460495,0.5763546798029556,0,D
11329,193,193.Bewick_Wren,background_mask,193,198,False,192,4.055305480957031,-11.959285736083984,-16.014591217041016,0.8554811477661133,0.8115025758743286,0.35135135135135137,0,D
11372,194,194.Cactus_Wren,background_mask,194,194,True,193,20.06203842163086,21.62962532043457,1.567586898803711,0.9604885578155518,0.8750322461128235,0.6666666666666666,0,A
11402,194,194.Cactus_Wren,background_mask,194,194,True,193,20.986286163330078,17.336532592773438,-3.6497535705566406,0.9609100222587585,0.8869473934173584,0.6346153846153846,0,A
11449,195,195.Carolina_Wren,background_mask,195,195,True,194,14.814891815185547,22.539966583251953,7.725074768066406,0.8414089679718018,0.656308650970459,0.5139442231075697,0,B
11472,195,195.Carolina_Wren,background_mask,195,195,True,194,25.83861541748047,23.082609176635742,-2.7560062408447266,0.8146801590919495,0.5409281849861145,0.4349775784753363,0,B
11528,196,196.House_Wren,background_mask,196,34,False,195,16.43828010559082,-6.986961364746094,-23.425241470336914,0.7320521473884583,0.48672014474868774,0.4225941422594142,0,D
11499,196,196.House_Wren,background_mask,196,195,False,195,13.848403930664062,-20.578954696655273,-34.427358627319336,0.8163613080978394,0.4926154911518097,0.24,0,D
11592,197,197.Marsh_Wren,background_mask,197,197,True,196,15.895681381225586,8.264472007751465,-7.631209373474121,0.9356441497802734,0.8753100037574768,0.5019762845849802,0,A
11568,197,197.Marsh_Wren,background_mask,197,195,False,196,29.940753936767578,-8.12051010131836,-38.06126403808594,0.6926850080490112,0.5232592225074768,0.49606299212598426,0,D
11628,198,198.Rock_Wren,background_mask,198,198,True,197,33.79981231689453,28.662574768066406,-5.137237548828125,0.8675380945205688,0.8147861361503601,0.6129032258064516,0,B
11653,198,198.Rock_Wren,background_mask,198,198,True,197,31.415645599365234,31.452911376953125,0.037265777587890625,0.9732922911643982,0.956829845905304,0.8269230769230769,0,A
11675,199,199.Winter_Wren,background_mask,199,199,True,198,25.143022537231445,23.445112228393555,-1.6979103088378906,0.8550270199775696,0.6055606007575989,0.3688212927756654,0,B
11692,199,199.Winter_Wren,background_mask,199,199,True,198,19.850692749023438,15.822134017944336,-4.028558731079102,0.8345522284507751,0.705710768699646,0.5207373271889401,0,B
11766,200,200.Common_Yellowthroat,background_mask,200,200,True,199,27.588682174682617,30.20358657836914,2.6149044036865234,0.973533034324646,0.9636340737342834,0.6379310344827587,0,A
11785,200,200.Common_Yellowthroat,background_mask,200,200,True,199,28.53704833984375,32.091880798339844,3.5548324584960938,0.9062177538871765,0.8652111291885376,0.6101694915254238,0,A
