image_id,class_id,class_name,blur_category,mask_category,persistent_B,persistent_A,bbox_attention_ratio,bbox_attention_mass,outside_attention_mass,bbox_feature_cells,total_feature_cells
28,1,001.Black_footed_Albatross,A,A,False,True,0.831504225730896,0.831504225730896,0.16849572956562042,798,950
24,1,001.Black_footed_Albatross,A,B,False,False,0.8143314719200134,0.8143314719200134,0.18566857278347015,399,825
91,2,002.Laysan_Albatross,B,B,True,False,0.5069572329521179,0.5069572329521179,0.49304279685020447,90,1025
94,2,002.Laysan_Albatross,A,A,False,True,0.8490804017686365,0.849080502986908,0.150919571518898,525,950
157,3,003.Sooty_Albatross,A,A,False,True,0.619970545772249,0.6199706196784973,0.38002946972846985,375,800
156,3,003.Sooty_Albatross,A,A,False,True,0.45811837911605835,0.45811837911605835,0.5418816208839417,240,925
205,4,004.Groove_billed_Ani,A,B,False,False,0.5047594904899597,0.5047594904899597,0.49524056911468506,156,675
179,4,004.Groove_billed_Ani,B,B,True,False,0.36570751667022705,0.36570751667022705,0.6342925429344177,220,850
277,5,005.Crested_Auklet,A,A,False,True,0.5439515709877014,0.5439515709877014,0.4560483694076538,418,775
239,5,005.Crested_Auklet,A,A,False,True,0.30750346183776855,0.30750346183776855,0.6924965977668762,170,800
308,6,006.Least_Auklet,A,B,False,False,0.5061201453208923,0.5061201453208923,0.4938797354698181,420,700
315,6,006.Least_Auklet,B,B,True,False,0.2560044229030609,0.2560044229030609,0.7439955472946167,336,950
351,7,007.Parakeet_Auklet,A,A,False,True,0.6261436343193054,0.6261436343193054,0.37385639548301697,289,950
325,7,007.Parakeet_Auklet,A,A,False,True,0.6879992895125919,0.6879992485046387,0.31200066208839417,391,875
387,8,008.Rhinoceros_Auklet,B,A,False,False,0.6192945837974548,0.6192945837974548,0.3807053864002228,260,800
420,8,008.Rhinoceros_Auklet,B,B,True,False,0.4778575897216797,0.4778575897216797,0.5221424102783203,242,950
448,9,009.Brewer_Blackbird,A,A,False,True,0.8547691702842712,0.8547691702842712,0.14523079991340637,560,950
454,9,009.Brewer_Blackbird,B,B,True,False,0.6769092486446648,0.6769092082977295,0.3230907618999481,361,950
522,10,010.Red_winged_Blackbird,B,B,True,False,0.4063531756401062,0.4063531756401062,0.5936468243598938,192,800
494,10,010.Red_winged_Blackbird,B,B,True,False,0.39636914177308774,0.39636918902397156,0.6036308407783508,200,900
603,11,011.Rusty_Blackbird,B,D,False,False,0.356057631247326,0.35605767369270325,0.6439423561096191,325,950
592,11,011.Rusty_Blackbird,D,D,False,False,0.5315516591072083,0.5315516591072083,0.46844837069511414,140,800
627,12,012.Yellow_headed_Blackbird,A,A,False,True,0.6103083491325378,0.6103083491325378,0.3896915912628174,110,850
622,12,012.Yellow_headed_Blackbird,B,B,True,False,0.5323470792356635,0.5323471426963806,0.4676528573036194,156,950
679,13,013.Bobolink,D,D,False,False,0.11777010516942174,0.11777009814977646,0.8822298049926758,64,1025
703,13,013.Bobolink,A,A,False,True,0.40979453383651576,0.40979450941085815,0.5902054905891418,304,800
752,14,014.Indigo_Bunting,A,C,False,False,0.7384083271026611,0.7384083271026611,0.26159170269966125,368,925
737,14,014.Indigo_Bunting,B,B,True,False,0.529963072542778,0.5299631357192993,0.47003692388534546,64,850
809,15,015.Lazuli_Bunting,B,B,True,False,0.3589966297149658,0.3589966297149658,0.641003429889679,140,950
796,15,015.Lazuli_Bunting,B,B,True,False,0.29228198528289795,0.29228198528289795,0.707718014717102,96,975
852,16,016.Painted_Bunting,B,B,True,False,0.6571521162986755,0.6571521162986755,0.34284791350364685,160,875
842,16,016.Painted_Bunting,A,A,False,True,0.8140989542007446,0.8140989542007446,0.18590106070041656,336,950
896,17,017.Cardinal,B,A,False,False,0.7073243856430054,0.7073243856430054,0.29267561435699463,342,950
924,17,017.Cardinal,A,B,False,False,0.7175967693328857,0.7175967693328857,0.28240323066711426,192,750
978,18,018.Spotted_Catbird,B,B,True,False,0.5983407380174711,0.5983408093452454,0.40165919065475464,128,925
997,18,018.Spotted_Catbird,A,A,False,True,0.864574134349823,0.864574134349823,0.13542591035366058,396,650
1009,19,019.Gray_Catbird,A,A,False,True,0.7287113070487976,0.7287113070487976,0.27128875255584717,272,850
999,19,019.Gray_Catbird,C,C,False,False,0.8849612474441528,0.8849612474441528,0.11503881216049194,620,850
1108,20,020.Yellow_breasted_Chat,A,B,False,False,0.5742311477661133,0.5742311477661133,0.4257688522338867,336,975
1086,20,020.Yellow_breasted_Chat,A,A,False,True,0.6707917844305296,0.6707918643951416,0.3292081654071808,323,675
1132,21,021.Eastern_Towhee,A,A,False,True,0.4911194443702698,0.4911194443702698,0.5088805556297302,400,975
1127,21,021.Eastern_Towhee,B,D,False,False,0.30137568712234497,0.30137568712234497,0.698624312877655,156,900
1183,22,022.Chuck_will_Widow,A,B,False,False,0.651595950126648,0.651595950126648,0.34840407967567444,570,850
1193,22,022.Chuck_will_Widow,A,A,False,True,0.5468882322311401,0.5468882322311401,0.4531117379665375,544,925
1275,23,023.Brandt_Cormorant,A,A,False,True,0.7375372648239136,0.7375372648239136,0.2624627351760864,540,1025
1266,23,023.Brandt_Cormorant,A,A,False,True,0.7480712532997131,0.7480712532997131,0.25192877650260925,468,950
1341,24,024.Red_faced_Cormorant,B,B,True,False,0.5372169017791748,0.5372169017791748,0.4627830982208252,420,925
1319,24,024.Red_faced_Cormorant,A,A,False,True,0.8397884368896484,0.8397884368896484,0.1602114886045456,550,950
1367,25,025.Pelagic_Cormorant,C,A,False,False,0.6488091945648193,0.6488091945648193,0.35119086503982544,330,875
1376,25,025.Pelagic_Cormorant,A,B,False,False,0.5581097602844238,0.5581097602844238,0.44189023971557617,230,875
1457,26,026.Bronzed_Cowbird,B,B,True,False,0.10303757339715958,0.10303757339715958,0.8969623446464539,72,950
1432,26,026.Bronzed_Cowbird,B,B,True,False,0.4913419783115387,0.4913419783115387,0.5086580514907837,289,850
1518,27,027.Shiny_Cowbird,D,D,False,False,0.3894626796245575,0.3894626796245575,0.6105373501777649,280,950
1463,27,027.Shiny_Cowbird,B,B,True,False,0.3137753494844049,0.31377533078193665,0.686224639415741,112,875
1553,28,028.Brown_Creeper,B,B,True,False,0.1824171543121338,0.1824171543121338,0.8175828456878662,144,775
1555,28,028.Brown_Creeper,A,A,False,True,0.3926057815551758,0.3926057815551758,0.607394278049469,228,750
1594,29,029.American_Crow,A,A,False,True,0.7900623679161072,0.7900623679161072,0.20993761718273163,540,950
1605,29,029.American_Crow,A,A,False,True,0.8645510673522949,0.8645510673522949,0.1354489028453827,616,825
1646,30,030.Fish_Crow,A,A,False,True,0.6371088407700563,0.6371088027954102,0.3628911077976227,240,750
1696,30,030.Fish_Crow,B,D,False,False,0.6172333499471366,0.6172332763671875,0.3827667236328125,361,950
1738,31,031.Black_billed_Cuckoo,B,B,True,False,0.6038944597370076,0.6038945317268372,0.39610543847084045,330,950
1730,31,031.Black_billed_Cuckoo,B,D,False,False,0.6147748827934265,0.6147748827934265,0.3852250576019287,304,850
1768,32,032.Mangrove_Cuckoo,A,A,False,True,0.9620934724807739,0.9620934724807739,0.03790659457445145,912,950
1807,32,032.Mangrove_Cuckoo,B,B,True,False,0.3202815842796316,0.3202815651893616,0.6797183752059937,231,950
1846,33,033.Yellow_billed_Cuckoo,D,D,False,False,0.5135644674301147,0.5135644674301147,0.48643550276756287,418,900
1859,33,033.Yellow_billed_Cuckoo,B,B,True,False,0.4405157268047333,0.4405157268047333,0.5594843626022339,238,800
1888,34,034.Gray_crowned_Rosy_Finch,A,A,False,True,0.8440294451678461,0.8440295457839966,0.15597042441368103,462,700
1896,34,034.Gray_crowned_Rosy_Finch,A,A,False,True,0.7119662761688232,0.7119662761688232,0.288033664226532,325,850
1968,35,035.Purple_Finch,A,A,False,True,0.6930798888206482,0.6930798888206482,0.3069201111793518,187,625
1939,35,035.Purple_Finch,A,A,False,True,0.6596684455871582,0.6596684455871582,0.3403315544128418,342,850
2040,36,036.Northern_Flicker,A,A,False,True,0.8547986918927798,0.8547987937927246,0.14520126581192017,560,950
2030,36,036.Northern_Flicker,A,A,False,True,0.7751394510269165,0.7751394510269165,0.22486050426959991,527,950
2067,37,037.Acadian_Flycatcher,A,B,False,False,0.7727341055870056,0.7727341055870056,0.22726589441299438,392,825
2075,37,037.Acadian_Flycatcher,A,B,False,False,0.523124635219574,0.523124635219574,0.47687533497810364,187,750
2135,38,038.Great_Crested_Flycatcher,D,D,False,False,0.5750347375869751,0.5750347375869751,0.4249652624130249,238,750
2158,38,038.Great_Crested_Flycatcher,A,A,False,True,0.7490389347076416,0.7490389347076416,0.25096115469932556,288,650
2186,39,039.Least_Flycatcher,D,D,False,False,0.21439409255981445,0.21439409255981445,0.7856059074401855,112,800
2183,39,039.Least_Flycatcher,B,B,True,False,0.7175610661506653,0.7175610661506653,0.28243887424468994,513,900
2257,40,040.Olive_sided_Flycatcher,A,A,False,True,0.6295318603515625,0.6295318603515625,0.3704681992530823,190,850
2234,40,040.Olive_sided_Flycatcher,A,A,False,True,0.621001660823822,0.621001660823822,0.3789983093738556,192,650
2293,41,041.Scissor_tailed_Flycatcher,B,B,True,False,0.29372136555441414,0.29372134804725647,0.7062786817550659,81,775
2319,41,041.Scissor_tailed_Flycatcher,B,A,False,False,0.6029728651046753,0.6029728651046753,0.3970271646976471,153,750
2381,42,042.Vermilion_Flycatcher,A,A,False,True,0.7990685701370239,0.7990685701370239,0.20093145966529846,288,950
2367,42,042.Vermilion_Flycatcher,A,A,False,True,0.8281099200248718,0.8281099200248718,0.17189016938209534,288,875
2412,43,043.Yellow_bellied_Flycatcher,C,D,False,False,0.7222596738028915,0.7222597599029541,0.2777402997016907,510,825
2434,43,043.Yellow_bellied_Flycatcher,A,B,False,False,0.5839358568191528,0.5839358568191528,0.4160640835762024,340,950
2500,44,044.Frigatebird,A,B,False,False,0.3295924162378807,0.32959237694740295,0.6704075932502747,112,800
2470,44,044.Frigatebird,A,A,False,True,0.6407092809677124,0.6407092809677124,0.3592907190322876,480,800
2571,45,045.Northern_Fulmar,A,A,False,True,0.7083377242088318,0.7083377242088318,0.2916623055934906,209,950
2559,45,045.Northern_Fulmar,A,B,False,False,0.6767623424530029,0.6767623424530029,0.32323771715164185,221,950
2594,46,046.Gadwall,C,C,False,False,0.4370763599872589,0.4370763599872589,0.5629236698150635,285,950
2649,46,046.Gadwall,B,A,False,False,0.25464308206521485,0.25464311242103577,0.7453569769859314,286,925
2676,47,047.American_Goldfinch,A,A,False,True,0.7567183665372889,0.7567184567451477,0.24328157305717468,288,950
2673,47,047.American_Goldfinch,A,A,False,True,0.6048616170883179,0.6048616170883179,0.39513835310935974,147,925
2764,48,048.European_Goldfinch,A,A,False,True,0.6840884466065829,0.6840885281562805,0.31591150164604187,525,950
2761,48,048.European_Goldfinch,A,A,False,True,0.8641019382537567,0.8641018867492676,0.13589799404144287,672,850
2785,49,049.Boat_tailed_Grackle,A,A,False,True,0.8296412229537964,0.8296412229537964,0.1703587770462036,609,900
2805,49,049.Boat_tailed_Grackle,A,C,False,False,0.7042372822761536,0.7042372822761536,0.2957627475261688,276,800
2837,50,050.Eared_Grebe,A,B,False,False,0.24014076590538025,0.24014076590538025,0.7598592638969421,153,975
2839,50,050.Eared_Grebe,A,A,False,True,0.5001868009344577,0.5001868605613708,0.4998132288455963,360,900
2892,51,051.Horned_Grebe,B,B,True,False,0.19236348225852742,0.19236347079277039,0.807636559009552,70,950
2913,51,051.Horned_Grebe,B,B,True,False,0.37656962871551514,0.37656962871551514,0.6234303712844849,144,875
2997,52,052.Pied_billed_Grebe,B,B,True,False,0.33298253023832675,0.3329825699329376,0.66701740026474,105,875
3004,52,052.Pied_billed_Grebe,B,B,True,False,0.7431304761015801,0.7431305646896362,0.25686943531036377,266,1000
3037,53,053.Western_Grebe,A,A,False,True,0.4924704432487488,0.4924704432487488,0.5075295567512512,450,975
3066,53,053.Western_Grebe,A,A,False,True,0.33134427666664124,0.33134427666664124,0.6686556935310364,360,950
3124,54,054.Blue_Grosbeak,A,B,False,False,0.5278128981590271,0.5278128981590271,0.4721871614456177,210,850
3081,54,054.Blue_Grosbeak,A,A,False,True,0.6046720507545501,0.6046720147132874,0.39532795548439026,266,900
3135,55,055.Evening_Grosbeak,A,A,False,True,0.8795455098152161,0.8795455098152161,0.12045446783304214,693,950
3166,55,055.Evening_Grosbeak,B,A,False,False,0.8212785124778748,0.8212785124778748,0.17872150242328644,442,800
3206,56,056.Pine_Grosbeak,A,A,False,True,0.748102068901062,0.748102068901062,0.2518979012966156,391,775
3218,56,056.Pine_Grosbeak,A,B,False,False,0.621869683265686,0.621869683265686,0.37813037633895874,288,950
3298,57,057.Rose_breasted_Grosbeak,A,B,False,False,0.4923405647277832,0.4923405647277832,0.5076594948768616,121,850
3261,57,057.Rose_breasted_Grosbeak,B,A,False,False,0.5932193994522095,0.5932193994522095,0.4067807197570801,255,875
3359,58,058.Pigeon_Guillemot,B,B,True,False,0.3562129735946655,0.3562129735946655,0.6437869668006897,224,850
3326,58,058.Pigeon_Guillemot,A,A,False,True,0.6443374329015532,0.6443373560905457,0.35566261410713196,399,800
3390,59,059.California_Gull,A,A,False,True,0.7425119876861572,0.7425119876861572,0.25748807191848755,180,625
3370,59,059.California_Gull,B,B,True,False,0.5118554830551147,0.5118554830551147,0.48814448714256287,210,950
3432,60,060.Glaucous_winged_Gull,A,A,False,True,0.7928037643432617,0.7928037643432617,0.2071961611509323,442,850
3453,60,060.Glaucous_winged_Gull,B,B,True,False,0.8190454840660095,0.8190454840660095,0.18095457553863525,506,950
3494,61,061.Heermann_Gull,A,A,False,True,0.7077960968017578,0.7077960968017578,0.29220402240753174,360,775
3537,61,061.Heermann_Gull,A,A,False,True,0.9134973184463165,0.9134972095489502,0.08650283515453339,609,850
3594,62,062.Herring_Gull,A,A,False,True,0.7360483846693269,0.7360483407974243,0.2639515697956085,621,850
3598,62,062.Herring_Gull,A,A,False,True,0.6833906551133805,0.683390736579895,0.31660929322242737,468,950
3652,63,063.Ivory_Gull,A,A,False,True,0.7149699670112173,0.714970052242279,0.2850300371646881,208,950
3662,63,063.Ivory_Gull,A,A,False,True,0.8150493988424181,0.8150493502616882,0.18495067954063416,460,800
3726,64,064.Ring_billed_Gull,A,A,False,True,0.8168031195636846,0.8168032169342041,0.18319685757160187,378,850
3698,64,064.Ring_billed_Gull,A,A,False,True,0.9600622630156436,0.9600622057914734,0.03993774950504303,816,950
3763,65,065.Slaty_backed_Gull,A,D,False,False,0.5214280486106873,0.5214280486106873,0.47857192158699036,170,875
3760,65,065.Slaty_backed_Gull,A,A,False,True,0.8772396141911473,0.8772398233413696,0.12276028841733932,396,775
3823,66,066.Western_Gull,A,A,False,True,0.8817368149757385,0.8817368149757385,0.11826318502426147,782,975
3836,66,066.Western_Gull,A,A,False,True,0.8374271295921284,0.8374270796775818,0.1625729203224182,621,850
3859,67,067.Anna_Hummingbird,B,B,True,False,0.5265845656394958,0.5265845656394958,0.47341546416282654,99,950
3877,67,067.Anna_Hummingbird,A,A,False,True,0.7981573939323425,0.7981573939323425,0.2018425315618515,252,750
3900,68,068.Ruby_throated_Hummingbird,A,A,False,True,0.8231813206184697,0.8231812715530396,0.17681877315044403,255,750
3924,68,068.Ruby_throated_Hummingbird,B,D,False,False,0.5021119713783264,0.5021119713783264,0.49788808822631836,104,950
4002,69,069.Rufous_Hummingbird,A,A,False,True,0.9273981538536366,0.9273982644081116,0.0726017877459526,714,900
3965,69,069.Rufous_Hummingbird,A,A,False,True,0.4851435422897339,0.4851435422897339,0.5148563981056213,120,625
4048,70,070.Green_Violetear,A,A,False,True,0.7771329879760742,0.7771329879760742,0.222866952419281,396,850
4058,70,070.Green_Violetear,A,A,False,True,0.7289365853146809,0.7289366722106934,0.2710634171962738,300,900
4099,71,071.Long_tailed_Jaeger,A,A,False,True,0.7616176577525955,0.7616178393363953,0.23838230967521667,561,950
4080,71,071.Long_tailed_Jaeger,B,A,False,False,0.6072615385055542,0.6072615385055542,0.39273837208747864,275,950
4139,72,072.Pomarine_Jaeger,A,B,False,False,0.315788209438324,0.315788209438324,0.684211790561676,252,925
4163,72,072.Pomarine_Jaeger,C,C,False,False,0.24289394915103912,0.24289394915103912,0.7571060657501221,99,925
4222,73,073.Blue_Jay,A,A,False,True,0.7985419034957886,0.7985419034957886,0.20145809650421143,432,800
4207,73,073.Blue_Jay,A,A,False,True,0.7534800171852112,0.7534800171852112,0.24651992321014404,324,950
4312,74,074.Florida_Jay,D,D,False,False,0.5873970143435606,0.5873969793319702,0.4126030206680298,180,850
4281,74,074.Florida_Jay,A,A,False,True,0.8797470474544707,0.8797471523284912,0.12025292217731476,546,775
4340,75,075.Green_Jay,A,A,False,True,0.793951655155223,0.7939517498016357,0.20604835450649261,405,950
4338,75,075.Green_Jay,A,A,False,True,0.8346635699272156,0.8346635699272156,0.16533640027046204,432,950
4409,76,076.Dark_eyed_Junco,B,B,True,False,0.23481787741184235,0.23481787741184235,0.7651821374893188,143,950
4419,76,076.Dark_eyed_Junco,D,D,False,False,0.33751755952835083,0.33751755952835083,0.6624824404716492,120,950
4447,77,077.Tropical_Kingbird,A,A,False,True,0.7330304106437671,0.7330304980278015,0.2669694423675537,322,825
4462,77,077.Tropical_Kingbird,A,A,False,True,0.7314746975898743,0.7314746975898743,0.2685253322124481,253,850
4496,78,078.Gray_Kingbird,A,A,False,True,0.7110586762428284,0.7110586762428284,0.28894132375717163,176,700
4504,78,078.Gray_Kingbird,B,B,True,False,0.4926297068595886,0.4926297068595886,0.5073702931404114,156,950
4571,79,079.Belted_Kingfisher,A,A,False,True,0.30625131055697075,0.3062513470649719,0.6937485933303833,130,625
4606,79,079.Belted_Kingfisher,A,A,False,True,0.4205482006072998,0.4205482006072998,0.579451858997345,180,1000
4633,80,080.Green_Kingfisher,A,D,False,False,0.7333464622497559,0.7333464622497559,0.26665356755256653,288,850
4652,80,080.Green_Kingfisher,A,D,False,False,0.42832306027412415,0.42832306027412415,0.5716769695281982,100,1050
4715,81,081.Pied_Kingfisher,B,B,True,False,0.4861741065979004,0.4861741065979004,0.5138258934020996,264,950
4673,81,081.Pied_Kingfisher,A,A,False,True,0.6292794346809387,0.6292794346809387,0.3707205355167389,234,950
4733,82,082.Ringed_Kingfisher,B,D,False,False,0.39914560317993164,0.39914560317993164,0.6008543372154236,187,850
4774,82,082.Ringed_Kingfisher,A,B,False,False,0.49703702330589294,0.49703702330589294,0.5029629468917847,209,950
4846,83,083.White_breasted_Kingfisher,A,A,False,True,0.7354193329811096,0.7354193329811096,0.26458075642585754,234,950
4800,83,083.White_breasted_Kingfisher,A,A,False,True,0.832679808139801,0.832679808139801,0.1673201620578766,432,1000
4890,84,084.Red_legged_Kittiwake,A,A,False,True,0.8840633630752563,0.8840633630752563,0.11593662202358246,667,800
4865,84,084.Red_legged_Kittiwake,A,B,False,False,0.5273518562316895,0.5273518562316895,0.47264811396598816,414,950
4932,85,085.Horned_Lark,A,A,False,True,0.48062407970428467,0.48062407970428467,0.5193759799003601,104,675
4962,85,085.Horned_Lark,A,B,False,False,0.39766808734345954,0.3976680636405945,0.6023318767547607,144,950
4978,86,086.Pacific_Loon,A,B,False,False,0.4321304044568057,0.43213045597076416,0.5678695440292358,385,1008
4966,86,086.Pacific_Loon,D,D,False,False,0.17990562974281665,0.17990560829639435,0.8200944662094116,168,950
5077,87,087.Mallard,A,A,False,True,0.815974257472246,0.8159743547439575,0.18402568995952606,546,850
5060,87,087.Mallard,A,A,False,True,0.6517547369003296,0.6517547369003296,0.3482453525066376,375,950
5103,88,088.Western_Meadowlark,B,B,True,False,0.4033845778245237,0.40338462591171265,0.5966153740882874,176,900
5140,88,088.Western_Meadowlark,A,A,False,True,0.7273126244544983,0.7273126244544983,0.27268746495246887,308,825
5156,89,089.Hooded_Merganser,B,B,True,False,0.2169527391763174,0.21695272624492645,0.7830471992492676,171,950
5150,89,089.Hooded_Merganser,B,B,True,False,0.09977438895549709,0.09977438300848007,0.9002256393432617,231,950
5218,90,090.Red_breasted_Merganser,A,A,False,True,0.44604137539863586,0.44604137539863586,0.5539585947990417,416,950
5228,90,090.Red_breasted_Merganser,A,B,False,False,0.1957239955663681,0.1957239955663681,0.8042759895324707,260,966
5311,91,091.Mockingbird,B,B,True,False,0.44488033323766785,0.44488030672073364,0.5551196932792664,324,950
5293,91,091.Mockingbird,A,A,False,True,0.6453282833099365,0.6453282833099365,0.3546717166900635,368,900
5377,92,092.Nighthawk,A,A,False,True,0.43296685814857483,0.43296685814857483,0.5670331120491028,325,800
5372,92,092.Nighthawk,A,A,False,True,0.7198199462783305,0.7198199033737183,0.28018009662628174,567,800
5387,93,093.Clark_Nutcracker,B,B,True,False,0.29010218381881714,0.29010218381881714,0.7098978161811829,238,775
5407,93,093.Clark_Nutcracker,A,A,False,True,0.8348919153213501,0.8348919153213501,0.16510802507400513,550,850
5478,94,094.White_breasted_Nuthatch,A,A,False,True,0.7066482305526733,0.7066482305526733,0.29335179924964905,432,950
5456,94,094.White_breasted_Nuthatch,A,A,False,True,0.6246721595916558,0.6246722340583801,0.37532779574394226,264,850
5552,95,095.Baltimore_Oriole,A,A,False,True,0.5774544477462769,0.5774544477462769,0.42254555225372314,204,950
5529,95,095.Baltimore_Oriole,A,A,False,True,0.7673384228541347,0.7673385143280029,0.23266151547431946,504,950
5622,96,096.Hooded_Oriole,A,A,False,True,0.842850923538208,0.842850923538208,0.15714910626411438,484,725
5623,96,096.Hooded_Oriole,B,B,True,False,0.6026404500007629,0.6026404500007629,0.39735957980155945,276,950
5659,97,097.Orchard_Oriole,A,A,False,True,0.809416651725769,0.809416651725769,0.19058337807655334,608,950
5665,97,097.Orchard_Oriole,A,A,False,True,0.7652988117577062,0.7652989029884338,0.23470109701156616,304,850
5692,98,098.Scott_Oriole,A,A,False,True,0.6077148914337158,0.6077148914337158,0.39228516817092896,368,950
5742,98,098.Scott_Oriole,A,A,False,True,0.6515489816665649,0.6515489816665649,0.34845104813575745,374,950
5775,99,099.Ovenbird,A,B,False,False,0.646178126335144,0.646178126335144,0.3538217842578888,418,725
5767,99,099.Ovenbird,A,A,False,True,0.7236138582229614,0.7236138582229614,0.2763861417770386,414,800
5847,100,100.Brown_Pelican,A,A,False,True,0.8324748477369729,0.832474946975708,0.1675250083208084,544,950
5816,100,100.Brown_Pelican,A,A,False,True,0.6805592775344849,0.6805592775344849,0.31944069266319275,182,950
5907,101,101.White_Pelican,A,A,False,True,1.0,0.9999999403953552,0.0,950,950
5884,101,101.White_Pelican,A,A,False,True,0.8174935579299927,0.8174935579299927,0.18250641226768494,378,775
5924,102,102.Western_Wood_Pewee,D,D,False,False,0.30303195118904114,0.30303195118904114,0.6969680786132812,140,625
5917,102,102.Western_Wood_Pewee,B,B,True,False,0.5966903682578049,0.59669029712677,0.4033096134662628,322,800
6016,103,103.Sayornis,A,A,False,True,0.6954758763313293,0.6954758763313293,0.30452418327331543,342,850
6032,103,103.Sayornis,D,D,False,False,0.5572940042860502,0.5572940707206726,0.44270601868629456,304,950
6038,104,104.American_Pipit,D,D,False,False,0.3584626019001007,0.3584626019001007,0.6415373682975769,221,850
6055,104,104.American_Pipit,D,D,False,False,0.18360646069049835,0.18360646069049835,0.8163934946060181,70,800
6098,105,105.Whip_poor_Will,A,B,False,False,0.41144045659544803,0.4114404320716858,0.588559627532959,396,850
6141,105,105.Whip_poor_Will,A,B,False,False,0.5218033168550352,0.5218033790588379,0.4781966805458069,510,950
6152,106,106.Horned_Puffin,B,B,True,False,0.17242849797862791,0.17242851853370667,0.8275715112686157,176,950
6148,106,106.Horned_Puffin,B,B,True,False,0.14354611933231354,0.14354611933231354,0.8564538359642029,192,950
6225,107,107.Common_Raven,A,B,False,False,0.7746522426605225,0.7746522426605225,0.22534780204296112,651,950
6212,107,107.Common_Raven,D,D,False,False,0.45913514494895935,0.45913514494895935,0.5408648252487183,144,800
6308,108,108.White_necked_Raven,B,B,True,False,0.3585416078567505,0.3585416078567505,0.6414584517478943,64,850
6266,108,108.White_necked_Raven,A,A,False,True,0.6614569425582886,0.6614569425582886,0.3385430574417114,208,950
6380,109,109.American_Redstart,A,A,False,True,0.7347401976585388,0.7347401976585388,0.2652598023414612,450,950
6344,109,109.American_Redstart,A,A,False,True,0.6598520278930664,0.6598520278930664,0.3401479721069336,416,950
6389,110,110.Geococcyx,A,A,False,True,0.8314275145530701,0.8314275145530701,0.16857251524925232,588,875
6419,110,110.Geococcyx,A,A,False,True,0.6624987721443176,0.6624987721443176,0.3375011682510376,456,850
6454,111,111.Loggerhead_Shrike,A,A,False,True,0.6627503633499146,0.6627503633499146,0.33724963665008545,360,800
6451,111,111.Loggerhead_Shrike,D,D,False,False,0.37187135219573975,0.37187135219573975,0.6281286478042603,132,950
6521,112,112.Great_Grey_Shrike,A,A,False,True,0.6627103090286255,0.6627103090286255,0.3372896909713745,351,750
6541,112,112.Great_Grey_Shrike,B,B,True,False,0.462619423866272,0.462619423866272,0.5373806357383728,182,925
6579,113,113.Baird_Sparrow,B,B,True,False,0.2815885841846466,0.2815885841846466,0.718411386013031,150,850
6595,113,113.Baird_Sparrow,A,D,False,False,0.2279152125120163,0.2279152125120163,0.7720847725868225,196,925
6613,114,114.Black_throated_Sparrow,B,B,True,False,0.3573333237965896,0.35733330249786377,0.6426668167114258,238,950
6665,114,114.Black_throated_Sparrow,B,B,True,False,0.6429247260093689,0.6429247260093689,0.3570752441883087,456,800
6707,115,115.Brewer_Sparrow,B,B,True,False,0.27636654832163743,0.27636653184890747,0.7236334681510925,156,950
6693,115,115.Brewer_Sparrow,B,B,True,False,0.3375232517719269,0.3375232517719269,0.6624768376350403,196,950
6750,116,116.Chipping_Sparrow,A,B,False,False,0.6067180399130606,0.6067180037498474,0.3932819366455078,396,850
6748,116,116.Chipping_Sparrow,B,B,True,False,0.22935712337493896,0.22935712337493896,0.7706429362297058,121,950
6842,117,117.Clay_colored_Sparrow,B,D,False,False,0.4626343890864385,0.46263444423675537,0.5373655557632446,384,850
6844,117,117.Clay_colored_Sparrow,B,B,True,False,0.4465681314468384,0.4465681314468384,0.5534318089485168,289,625
6881,118,118.House_Sparrow,A,A,False,True,0.34982261061668396,0.34982261061668396,0.6501773595809937,176,1050
6855,118,118.House_Sparrow,B,B,True,False,0.4843161404132843,0.4843161404132843,0.5156838297843933,380,950
6966,119,119.Field_Sparrow,A,A,False,True,0.8670246005058289,0.8670246005058289,0.13297544419765472,506,675
6936,119,119.Field_Sparrow,A,A,False,True,0.5541496276855469,0.5541496276855469,0.4458504319190979,234,900
7018,120,120.Fox_Sparrow,A,B,False,False,0.5985188840936949,0.5985188484191895,0.40148112177848816,336,700
7026,120,120.Fox_Sparrow,A,A,False,True,0.6545603665447454,0.6545603275299072,0.3454396724700928,528,1050
7064,121,121.Grasshopper_Sparrow,B,B,True,False,0.3172266374365471,0.3172266185283661,0.6827733516693115,154,675
7067,121,121.Grasshopper_Sparrow,A,B,False,False,0.32177281379699707,0.32177281379699707,0.6782271265983582,210,950
7105,122,122.Harris_Sparrow,B,B,True,False,0.1265525072813034,0.1265525072813034,0.8734475374221802,56,725
7112,122,122.Harris_Sparrow,D,D,False,False,0.39753590792845583,0.39753586053848267,0.6024640798568726,247,850
7199,123,123.Henslow_Sparrow,B,B,True,False,0.5094614928639825,0.5094614624977112,0.4905385673046112,360,675
7160,123,123.Henslow_Sparrow,B,B,True,False,0.16893917322158813,0.16893917322158813,0.8310608267784119,120,875
7240,124,124.Le_Conte_Sparrow,A,A,False,True,0.8000054955482483,0.8000054955482483,0.1999945044517517,690,825
7228,124,124.Le_Conte_Sparrow,A,A,False,True,0.3944796621799469,0.3944796621799469,0.6055203676223755,252,900
7271,125,125.Lincoln_Sparrow,B,D,False,False,0.23667508363723755,0.23667508363723755,0.7633249163627625,154,875
7321,125,125.Lincoln_Sparrow,A,D,False,False,0.21922297775745392,0.21922297775745392,0.780777096748352,280,875
7346,126,126.Nelson_Sharp_tailed_Sparrow,D,D,False,False,0.3580353260040283,0.3580353260040283,0.6419647336006165,264,800
7374,126,126.Nelson_Sharp_tailed_Sparrow,A,B,False,False,0.33863975541117725,0.3386397957801819,0.6613601446151733,280,850
7400,127,127.Savannah_Sparrow,A,B,False,False,0.5229282975196838,0.5229282975196838,0.47707170248031616,550,950
7388,127,127.Savannah_Sparrow,A,B,False,False,0.3182690929334815,0.3182690739631653,0.6817309856414795,440,950
7463,128,128.Seaside_Sparrow,B,B,True,False,0.27272117137908936,0.27272117137908936,0.7272788286209106,247,950
7454,128,128.Seaside_Sparrow,B,B,True,False,0.2378242164850235,0.2378242164850235,0.7621757984161377,234,950
7518,129,129.Song_Sparrow,B,D,False,False,0.30579251050949097,0.30579251050949097,0.6942075490951538,224,966
7532,129,129.Song_Sparrow,A,A,False,True,0.306206613779068,0.306206613779068,0.6937933564186096,256,750
7589,130,130.Tree_Sparrow,B,D,False,False,0.4035673084001129,0.40356728434562683,0.5964326858520508,252,950
7606,130,130.Tree_Sparrow,B,B,True,False,0.3460506200790405,0.3460506200790405,0.6539492607116699,156,1025
7674,131,131.Vesper_Sparrow,B,B,True,False,0.5957148671150208,0.5957148671150208,0.40428513288497925,330,800
7640,131,131.Vesper_Sparrow,C,D,False,False,0.6099523901939392,0.6099523901939392,0.390047550201416,252,825
7693,132,132.White_crowned_Sparrow,A,B,False,False,0.5008556842803955,0.5008556842803955,0.4991442859172821,384,950
7730,132,132.White_crowned_Sparrow,A,A,False,True,0.7234470679430406,0.7234470248222351,0.2765529453754425,616,950
7783,133,133.White_throated_Sparrow,B,B,True,False,0.2954394221305847,0.2954394221305847,0.7045605182647705,264,975
7753,133,133.White_throated_Sparrow,B,B,True,False,0.5113126052990681,0.5113125443458557,0.4886874258518219,330,750
7849,134,134.Cape_Glossy_Starling,A,A,False,True,0.7960969088135307,0.7960968613624573,0.2039031684398651,240,850
7839,134,134.Cape_Glossy_Starling,A,A,False,True,0.7835165858268738,0.7835165858268738,0.21648336946964264,320,850
7918,135,135.Bank_Swallow,B,B,True,False,0.3585300147533417,0.3585300147533417,0.6414699554443359,156,850
7888,135,135.Bank_Swallow,B,B,True,False,0.3291364908218384,0.3291364908218384,0.6708633899688721,143,950
7978,136,136.Barn_Swallow,B,B,True,False,0.42044640535755096,0.4204464554786682,0.5795536041259766,308,950
7981,136,136.Barn_Swallow,B,B,True,False,0.16328127682209015,0.16328127682209015,0.836718738079071,90,850
8030,137,137.Cliff_Swallow,A,A,False,True,0.5498320519723954,0.5498319864273071,0.4501679241657257,323,950
7989,137,137.Cliff_Swallow,B,B,True,False,0.2969580888748169,0.2969580888748169,0.7030419707298279,63,725
8091,138,138.Tree_Swallow,A,A,False,True,0.8107151276299434,0.8107150793075562,0.18928489089012146,420,950
8071,138,138.Tree_Swallow,A,A,False,True,0.6398036861302665,0.6398036479949951,0.3601963520050049,256,850
8164,139,139.Scarlet_Tanager,A,A,False,True,0.711652194064594,0.7116522789001465,0.28834784030914307,374,950
8122,139,139.Scarlet_Tanager,A,A,False,True,0.6322669825235626,0.6322670578956604,0.36773306131362915,176,900
8213,140,140.Summer_Tanager,A,A,False,True,0.8482826948165894,0.8482826948165894,0.15171736478805542,169,825
8207,140,140.Summer_Tanager,A,A,False,True,0.8079715967178345,0.8079715967178345,0.19202840328216553,180,950
8246,141,141.Artic_Tern,A,A,False,True,0.7281601863002888,0.7281601428985596,0.27183979749679565,238,950
8262,141,141.Artic_Tern,A,A,False,True,0.8047459009138287,0.8047458529472351,0.19525422155857086,450,950
8293,142,142.Black_Tern,A,A,False,True,0.8490090370178223,0.8490090370178223,0.15099097788333893,520,750
8298,142,142.Black_Tern,A,D,False,False,0.5304234027862549,0.5304234027862549,0.46957656741142273,100,875
8389,143,143.Caspian_Tern,A,A,False,True,0.7161609361267648,0.7161608934402466,0.28383907675743103,210,625
8356,143,143.Caspian_Tern,A,A,False,True,0.7610823512077332,0.7610823512077332,0.23891766369342804,289,950
8446,144,144.Common_Tern,A,A,False,True,0.60758010194183,0.6075800657272339,0.3924199640750885,460,950
8420,144,144.Common_Tern,A,B,False,False,0.24832762797741556,0.24832765758037567,0.7516723275184631,48,750
8509,145,145.Elegant_Tern,A,A,False,True,0.8914923667907715,0.8914923667907715,0.1085076853632927,476,950
8488,145,145.Elegant_Tern,D,D,False,False,0.6340278764979765,0.6340278387069702,0.3659721314907074,209,800
8555,146,146.Forsters_Tern,B,B,True,False,0.3042828440666199,0.3042828440666199,0.6957172155380249,240,925
8542,146,146.Forsters_Tern,B,A,False,False,0.48388192249752016,0.48388198018074036,0.5161179900169373,270,850
8634,147,147.Least_Tern,A,C,False,False,0.9254963397979736,0.9254963397979736,0.07450363039970398,640,1008
8595,147,147.Least_Tern,A,A,False,True,0.8374912932525523,0.8374913930892944,0.16250863671302795,336,900
8680,148,148.Green_tailed_Towhee,B,A,False,False,0.6609479593100597,0.6609480381011963,0.3390519917011261,306,625
8697,148,148.Green_tailed_Towhee,B,D,False,False,0.4385145902633667,0.4385145902633667,0.5614853501319885,120,950
8739,149,149.Brown_Thrasher,B,B,True,False,0.5639845132827759,0.5639845132827759,0.4360154867172241,378,950
8713,149,149.Brown_Thrasher,A,B,False,False,0.3894193172454834,0.3894193172454834,0.6105806827545166,160,825
8797,150,150.Sage_Thrasher,B,B,True,False,0.2847226729823752,0.2847226560115814,0.715277373790741,176,850
8784,150,150.Sage_Thrasher,A,A,False,True,0.46611788868904114,0.46611788868904114,0.5338821411132812,378,800
8857,151,151.Black_capped_Vireo,A,A,False,True,0.6591604162263374,0.6591604948043823,0.34083953499794006,330,925
8846,151,151.Black_capped_Vireo,B,B,True,False,0.4320840835571289,0.4320840835571289,0.5679158568382263,170,950
8921,152,152.Blue_headed_Vireo,B,B,True,False,0.6049345135688782,0.6049345135688782,0.3950654864311218,420,950
8932,152,152.Blue_headed_Vireo,B,B,True,False,0.16753731667995453,0.16753731667995453,0.8324628472328186,72,925
8976,153,153.Philadelphia_Vireo,A,B,False,False,0.43266709836329204,0.4326670467853546,0.567332923412323,165,925
8956,153,153.Philadelphia_Vireo,B,D,False,False,0.649606466293335,0.649606466293335,0.35039347410202026,247,650
8998,154,154.Red_eyed_Vireo,A,B,False,False,0.5645776987075806,0.5645776987075806,0.43542227149009705,168,950
9033,154,154.Red_eyed_Vireo,A,A,False,True,0.8181806802749634,0.8181806802749634,0.18181943893432617,486,950
9095,155,155.Warbling_Vireo,B,B,True,False,0.780706524848938,0.780706524848938,0.21929354965686798,561,950
9111,155,155.Warbling_Vireo,B,D,False,False,0.4436652660369873,0.4436652660369873,0.5563347339630127,176,950
9127,156,156.White_eyed_Vireo,A,A,False,True,0.5385269568594643,0.5385268926620483,0.46147310733795166,276,925
9159,156,156.White_eyed_Vireo,A,B,False,False,0.4404984712600708,0.4404984712600708,0.559501588344574,216,950
9229,157,157.Yellow_throated_Vireo,C,C,False,False,0.5535132022805931,0.5535131692886353,0.4464868903160095,204,900
9217,157,157.Yellow_throated_Vireo,B,B,True,False,0.4256304204463959,0.4256304204463959,0.5743696093559265,187,875
9250,158,158.Bay_breasted_Warbler,A,B,False,False,0.315666526556015,0.315666526556015,0.6843335032463074,288,800
9239,158,158.Bay_breasted_Warbler,B,B,True,False,0.36250418424606323,0.36250418424606323,0.6374958753585815,300,950
9343,159,159.Black_and_white_Warbler,B,D,False,False,0.3288627564907074,0.3288627564907074,0.6711372137069702,144,950
9334,159,159.Black_and_white_Warbler,A,A,False,True,0.795236349105835,0.795236349105835,0.204763725399971,588,875
9407,160,160.Black_throated_Blue_Warbler,A,B,False,False,0.4927343428134918,0.4927343428134918,0.5072656869888306,256,825
9377,160,160.Black_throated_Blue_Warbler,A,B,False,False,0.42563469104353296,0.4256347417831421,0.5743653178215027,260,800
9467,161,161.Blue_winged_Warbler,A,A,False,True,0.7659959514136256,0.7659958600997925,0.23400405049324036,527,950
9466,161,161.Blue_winged_Warbler,B,B,True,False,0.29678306541240995,0.2967830300331116,0.7032169699668884,110,1000
9472,162,162.Canada_Warbler,A,A,False,True,0.600241482257843,0.600241482257843,0.39975857734680176,207,800
9486,162,162.Canada_Warbler,A,A,False,True,0.8163653612136841,0.8163653612136841,0.1836346834897995,550,875
9541,163,163.Cape_May_Warbler,B,B,True,False,0.2738240957260132,0.2738240957260132,0.7261759042739868,110,850
9586,163,163.Cape_May_Warbler,B,B,True,False,0.5100821256637573,0.5100821256637573,0.4899178743362427,56,675
9602,164,164.Cerulean_Warbler,A,B,False,False,0.7200501394301736,0.7200500965118408,0.27994993329048157,450,825
9599,164,164.Cerulean_Warbler,B,B,True,False,0.4607177972793579,0.4607177972793579,0.5392822027206421,228,950
9692,165,165.Chestnut_sided_Warbler,A,A,False,True,0.6501426100730896,0.6501426100730896,0.3498573899269104,400,950
9696,165,165.Chestnut_sided_Warbler,B,B,True,False,0.568448543548584,0.568448543548584,0.43155142664909363,432,950
9761,166,166.Golden_winged_Warbler,B,B,True,False,0.5481490435422607,0.5481491088867188,0.4518509805202484,306,950
9744,166,166.Golden_winged_Warbler,A,A,False,True,0.5492171049118042,0.5492171049118042,0.4507828950881958,240,900
9800,167,167.Hooded_Warbler,A,A,False,True,0.8035436272621155,0.8035436272621155,0.19645632803440094,392,800
9807,167,167.Hooded_Warbler,C,A,False,False,0.7640716433525085,0.7640716433525085,0.23592828214168549,378,650
9832,168,168.Kentucky_Warbler,A,A,False,True,0.8063289292250787,0.8063288331031799,0.1936711072921753,288,950
9872,168,168.Kentucky_Warbler,A,A,False,True,0.9101342665989081,0.9101343750953674,0.08986572176218033,580,850
9917,169,169.Magnolia_Warbler,A,A,False,True,0.6123026609420776,0.6123026609420776,0.38769739866256714,260,825
9891,169,169.Magnolia_Warbler,A,A,False,True,0.7633373737335205,0.7633373737335205,0.2366626262664795,522,950
9993,170,170.Mourning_Warbler,A,A,False,True,0.6568059325218201,0.6568059325218201,0.34319406747817993,285,950
9983,170,170.Mourning_Warbler,A,B,False,False,0.592424750328064,0.592424750328064,0.4075753092765808,140,800
10032,171,171.Myrtle_Warbler,A,A,False,True,0.5958995223045349,0.5958995223045349,0.40410053730010986,322,800
10048,171,171.Myrtle_Warbler,A,A,False,True,0.50885009765625,0.50885009765625,0.49114990234375,228,850
10110,172,172.Nashville_Warbler,A,A,False,True,0.5527638134045824,0.5527638792991638,0.4472361207008362,299,950
10069,172,172.Nashville_Warbler,B,B,True,False,0.4823603630065918,0.4823603630065918,0.5176396369934082,204,966
10187,173,173.Orange_crowned_Warbler,B,B,True,False,0.33593621850013733,0.33593621850013733,0.6640637516975403,140,800
10164,173,173.Orange_crowned_Warbler,D,B,False,False,0.37623560428619385,0.37623560428619385,0.6237643957138062,286,800
10205,174,174.Palm_Warbler,A,A,False,True,0.8013033866882324,0.8013033866882324,0.19869670271873474,525,950
10222,174,174.Palm_Warbler,B,B,True,False,0.6936848163604736,0.6936848163604736,0.3063150644302368,414,925
10257,175,175.Pine_Warbler,B,B,True,False,0.5111904144287109,0.5111904144287109,0.4888095557689667,180,925
10279,175,175.Pine_Warbler,A,A,False,True,0.5754007786990141,0.575400710105896,0.42459923028945923,228,900
10320,176,176.Prairie_Warbler,A,A,False,True,0.6226468682289124,0.6226468682289124,0.37735310196876526,286,950
10358,176,176.Prairie_Warbler,A,A,False,True,0.5941759106025643,0.5941758751869202,0.4058241546154022,240,925
10385,177,177.Prothonotary_Warbler,A,A,False,True,0.796073317527771,0.796073317527771,0.20392663776874542,418,750
10387,177,177.Prothonotary_Warbler,A,A,False,True,0.39696016293526665,0.39696013927459717,0.6030398607254028,96,875
10475,178,178.Swainson_Warbler,A,B,False,False,0.6687845587730408,0.6687845587730408,0.3312154710292816,280,950
10465,178,178.Swainson_Warbler,A,A,False,True,0.9248171448707581,0.9248171448707581,0.07518284022808075,684,882
10494,179,179.Tennessee_Warbler,B,D,False,False,0.4168700575828552,0.4168700575828552,0.5831300020217896,112,800
10529,179,179.Tennessee_Warbler,D,D,False,False,0.22317732870578766,0.22317732870578766,0.7768226861953735,153,975
10568,180,180.Wilson_Warbler,A,B,False,False,0.6537312062818531,0.6537311673164368,0.34626883268356323,144,800
10576,180,180.Wilson_Warbler,A,A,False,True,0.5701366406760597,0.5701366066932678,0.4298633933067322,285,950
10618,181,181.Worm_eating_Warbler,A,A,False,True,0.6777657270431519,0.6777657270431519,0.32223430275917053,350,800
10621,181,181.Worm_eating_Warbler,A,A,False,True,0.8541076183319092,0.8541076183319092,0.14589238166809082,608,1000
10671,182,182.Yellow_Warbler,A,D,False,False,0.43934202194213867,0.43934202194213867,0.5606579780578613,80,800
10672,182,182.Yellow_Warbler,B,D,False,False,0.450526124176249,0.4505261778831482,0.5494738221168518,72,800
10733,183,183.Northern_Waterthrush,B,B,True,False,0.17134788632392883,0.17134788632392883,0.8286522030830383,104,800
10740,183,183.Northern_Waterthrush,B,D,False,False,0.49972859025001526,0.49972859025001526,0.5002714395523071,234,900
10825,184,184.Louisiana_Waterthrush,A,A,False,True,0.6685465574264526,0.6685465574264526,0.33145344257354736,450,900
10811,184,184.Louisiana_Waterthrush,B,B,True,False,0.30415403842926025,0.30415403842926025,0.6958459615707397,156,625
10866,185,185.Bohemian_Waxwing,A,A,False,True,0.8001249313428958,0.8001248836517334,0.1998751163482666,456,850
10886,185,185.Bohemian_Waxwing,B,B,True,False,0.4926392734050751,0.4926392734050751,0.5073607563972473,207,950
10925,186,186.Cedar_Waxwing,B,B,True,False,0.5448113679885864,0.5448113679885864,0.45518869161605835,264,950
10911,186,186.Cedar_Waxwing,A,B,False,False,0.7041345834732056,0.7041345834732056,0.29586532711982727,325,800
10981,187,187.American_Three_toed_Woodpecker,A,A,False,True,0.131648451089859,0.131648451089859,0.8683515787124634,126,625
10993,187,187.American_Three_toed_Woodpecker,A,B,False,False,0.18955768284545438,0.18955767154693604,0.810442328453064,264,950
11039,188,188.Pileated_Woodpecker,B,B,True,False,0.3417525887489319,0.3417525887489319,0.6582474112510681,160,900
11066,188,188.Pileated_Woodpecker,B,B,True,False,0.42169239183573626,0.4216923415660858,0.5783076286315918,300,850
11115,189,189.Red_bellied_Woodpecker,A,A,False,True,0.3058534264564514,0.3058534264564514,0.6941465735435486,208,675
11103,189,189.Red_bellied_Woodpecker,A,A,False,True,0.31324800848960876,0.31324800848960876,0.6867520213127136,260,800
11136,190,190.Red_cockaded_Woodpecker,A,A,False,True,0.2255935101993668,0.22559353709220886,0.7744064331054688,198,800
11142,190,190.Red_cockaded_Woodpecker,A,A,False,True,0.2180919647216797,0.2180919647216797,0.7819080352783203,198,950
11241,191,191.Red_headed_Woodpecker,D,B,False,False,0.46465814113616943,0.46465814113616943,0.5353417992591858,345,750
11234,191,191.Red_headed_Woodpecker,A,B,False,False,0.5635122656822205,0.5635122656822205,0.43648773431777954,364,900
11297,192,192.Downy_Woodpecker,A,A,False,True,0.7854649892726534,0.7854649424552917,0.21453504264354706,696,850
11275,192,192.Downy_Woodpecker,A,A,False,True,0.3923298248851508,0.3923298716545105,0.6076700687408447,437,1008
11318,193,193.Bewick_Wren,D,D,False,False,0.6151536107063293,0.6151536107063293,0.38484644889831543,286,800
11329,193,193.Bewick_Wren,B,D,False,False,0.3978507755905852,0.39785075187683105,0.602149248123169,180,875
11372,194,194.Cactus_Wren,A,A,False,True,0.3653351068496704,0.3653351068496704,0.6346649527549744,200,850
11402,194,194.Cactus_Wren,A,A,False,True,0.6734224557876587,0.6734224557876587,0.3265775740146637,480,850
11449,195,195.Carolina_Wren,A,B,False,False,0.24229231476783752,0.24229231476783752,0.7577077150344849,280,950
11472,195,195.Carolina_Wren,B,B,True,False,0.6187084913253784,0.6187084913253784,0.3812915086746216,504,800
11528,196,196.House_Wren,B,D,False,False,0.5012103915214539,0.5012103915214539,0.49878960847854614,272,850
11499,196,196.House_Wren,A,D,False,False,0.23043808341026306,0.23043808341026306,0.7695618867874146,84,775
11592,197,197.Marsh_Wren,A,A,False,True,0.4516623020172119,0.4516623020172119,0.5483376979827881,224,950
11568,197,197.Marsh_Wren,D,D,False,False,0.5168326497077942,0.5168326497077942,0.4831674098968506,252,950
11628,198,198.Rock_Wren,B,B,True,False,0.5248076319694519,0.5248076319694519,0.47519248723983765,196,875
11653,198,198.Rock_Wren,A,A,False,True,0.8025350570678711,0.8025350570678711,0.19746488332748413,420,950
11675,199,199.Winter_Wren,B,B,True,False,0.49665936827659607,0.49665936827659607,0.5033406615257263,300,900
11692,199,199.Winter_Wren,B,B,True,False,0.1958627700805664,0.1958627700805664,0.8041373491287231,64,825
11766,200,200.Common_Yellowthroat,A,A,False,True,0.6430246233940125,0.6430246233940125,0.35697537660598755,270,950
11785,200,200.Common_Yellowthroat,A,A,False,True,0.5678101181983948,0.5678101181983948,0.43218979239463806,224,950
